budget,sham_index,sham_value,best_expr,best_value,best_cost,rel_err,family,sibling_or_trash,matches_or_beats_g
20,1,1.1549536898639945e-45,((((3)^-3)^-3 * 5)^3)^-3,1.1546445996689741e-45,19,0.00026762128883004994,pow,TRASH_BROAD_GRAMMAR,false
20,2,1.6071702871314295e-44,(((alpha * pi)^3)^3)^3 * 3,1.6055791344963377e-44,18,0.0009900336310546213,mul,TRASH_BROAD_GRAMMAR,false
20,3,1.8714554696405263e-45,(3 + exp((1/4 + 3)^3))^-3,1.881283364672837e-45,20,0.005251471483955995,pow,TRASH_BROAD_GRAMMAR,false
20,4,6.943231774669741e-45,(3)/((exp((1/4)/(alpha)))^3),6.944445701347555e-45,18,0.00017483597224025985,div,TRASH_BROAD_GRAMMAR,false
20,5,1.2831276472986659e-44,(4)/((exp((pi)^3 + pi))^3),1.2923088841278925e-44,19,0.007155357339977521,div,TRASH_BROAD_GRAMMAR,false
20,6,1.4107297519635371e-44,(((2/5)/(((pi)^3)^3))^3)^3,1.4105881584538104e-44,17,0.00010036898245721992,pow,TRASH_BROAD_GRAMMAR,true
20,7,6.535926287514747e-45,(((((alpha)/(2))^3)^3)^2)/(2),6.567589720952064e-45,17,0.0048445211962997135,div,TRASH_BROAD_GRAMMAR,false
20,8,8.791070224053722e-45,(exp((pi)^3 + pi))^-3 * e,8.78214939120259e-45,19,0.0010147607314890507,mul,TRASH_BROAD_GRAMMAR,false
20,9,5.120162421464113e-45,(e)/((exp((1/4 + 3)^3))^3),5.113858384372522e-45,19,0.0012312181865880626,div,TRASH_BROAD_GRAMMAR,false
20,10,1.412727072461089e-44,(((2/5)/(((pi)^3)^3))^3)^3,1.4105881584538104e-44,17,0.0015140320087109337,pow,TRASH_BROAD_GRAMMAR,false
20,11,1.1635187417635144e-45,((e)^2)/(((((((3)^2)^2)^2)^2)^2)^3),1.161310922454068e-45,15,0.0018975365245084465,div,TRASH_BROAD_GRAMMAR,false
20,12,2.181562859353305e-45,(((exp(1/2))^2)-(e))^3 * (5)^2,2.1895288505075267e-45,19,0.0036515065885303673,mul,TRASH_BROAD_GRAMMAR,false
20,13,4.8108061801297614e-46,((((2)/((((pi)^3)^2)^2))^2)^2)^2,4.80675721298054e-46,14,0.0008416400490098723,pow,TRASH_BROAD_GRAMMAR,false
20,14,2.4224607725174274e-45,(3/4)/((exp((pi)^3 + pi))^3),2.4230791577397984e-45,20,0.0002552715112609905,div,TRASH_BROAD_GRAMMAR,false
20,15,3.1226439902211784e-45,(((exp(e * pi))^-3)^2)^2,3.1252632281509375e-45,15,0.0008387885195883454,pow,TRASH_BROAD_GRAMMAR,false
20,16,1.978016652946469e-46,((((2/3 + 3)^-3)^3)^3)^3,1.9679503372510285e-46,17,0.005089095524269432,pow,TRASH_BROAD_GRAMMAR,false
20,17,1.7848902294664108e-45,4/3 * alpha^21,1.7840649347327815e-45,15,0.0004623784252973433,alpha_family,SIBLING_PRE_EXP_TRUNCATION,false
20,18,7.275297967276395e-46,((((2 + 5)^-2)^3)^3)^3 * pi,7.275380503588569e-46,20,1.134473289549006e-5,mul,TRASH_BROAD_GRAMMAR,true
20,19,1.3955124427749496e-44,(5)/(((3 * exp((4)^2))^2)^3),1.3930676699141373e-44,20,0.0017518818076254,div,TRASH_BROAD_GRAMMAR,false
20,20,2.0714294191930774e-46,((((pi)^3)^3 * 4)^-3)^3,2.052675930395794e-46,17,0.009053404679648094,pow,TRASH_BROAD_GRAMMAR,false
20,21,9.389226455488126e-46,(exp((1/4 + 3)^3))^-3 * 1/2,9.406416823364291e-46,20,0.0018308609295622238,mul,TRASH_BROAD_GRAMMAR,false
20,22,1.1281420727110122e-44,(e)/(((exp((5)^2))^2 * 3)^2),1.1235794362338312e-44,18,0.004044381100171767,div,TRASH_BROAD_GRAMMAR,false
20,23,5.874038660456768e-45,((((mtau/me)^-3)/(e))^2)^2,5.861665857081411e-45,17,0.0021063537525977697,pow,TRASH_BROAD_GRAMMAR,false
20,24,1.5795569627456903e-44,(exp(((pi)-(3))^-2))^-2 * 1/3,1.5792395128150108e-44,18,0.00020097403143206044,mul,TRASH_BROAD_GRAMMAR,false
20,25,4.806072463228433e-45,(((alpha)^2 * 1/5)^3)^3 * e,4.7922600294020895e-45,18,0.0028739545506280277,mul,TRASH_BROAD_GRAMMAR,false
20,26,2.4615435208940228e-45,(((((((5)^-2)^2)^2)^2)^2)^2)/(3/4),2.4595658764946238e-45,17,0.0008034163859433789,div,TRASH_BROAD_GRAMMAR,false
20,27,2.461691726631582e-46,((exp((3)^3))^-2 * pi)^2 * 2,2.4633475805379126e-46,19,0.0006726487676815488,mul,TRASH_BROAD_GRAMMAR,false
20,28,9.453242468349333e-46,(exp((1)-(3 * 4) * pi))^3,9.453232147920063e-46,20,1.0917343234171764e-6,pow,TRASH_BROAD_GRAMMAR,true
20,29,1.6418607460256443e-44,((3)^2)/((exp((e + pi)^2))^3),1.6430952867697878e-44,18,0.0007519156220354763,div,TRASH_BROAD_GRAMMAR,false
20,30,1.1453423643791628e-45,(3)/(((exp((5)^2) * pi)^2)^2),1.145707018677222e-45,18,0.0003183801712047714,div,TRASH_BROAD_GRAMMAR,false
20,31,1.3158131225441024e-45,((((alpha)^2 * pi)^2)^3)^2 * e,1.306353952710556e-45,17,0.007188839867516515,mul,TRASH_BROAD_GRAMMAR,false
20,32,6.600370105882219e-45,(4/3)/((exp((pi)^3 + 3))^3),6.587548104846948e-45,20,0.001942618494051513,div,TRASH_BROAD_GRAMMAR,false
20,33,1.0663688703035604e-45,4/5 * alpha^21,1.0704389608396691e-45,16,0.0038167754605871545,alpha_family,SIBLING_PRE_EXP_TRUNCATION,false
20,34,8.246907809606083e-46,((((5)^3 * e)^3)^-3)^2 * 3,8.23076773237776e-46,20,0.001957106542348225,mul,TRASH_BROAD_GRAMMAR,false
20,35,1.2253877017879754e-44,((1 + exp((5)^2))^-2)^2 * 1/3,1.2400253252713924e-44,18,0.011945299811691523,mul,TRASH_BROAD_GRAMMAR,false
20,36,7.838357374870898e-45,(5)/((exp((3)^3 + (e)^2))^3),7.834983738993173e-45,20,0.00043040087564021734,div,TRASH_BROAD_GRAMMAR,false
20,37,1.6800870195041836e-44,(((alpha * pi)^3)^3)^3 * pi,1.6813585378969175e-44,18,0.000756816985056628,mul,TRASH_BROAD_GRAMMAR,false
20,38,2.2792276631167416e-45,(5/4)/((exp((e + pi)^2))^3),2.2820767871802606e-45,20,0.0012500392609411306,div,TRASH_BROAD_GRAMMAR,false
20,39,2.156563579403361e-46,((((alpha * e)^3)^3)^3)/(2/4),2.1500319078845372e-46,20,0.003028740530168239,div,TRASH_BROAD_GRAMMAR,false
20,40,5.981471983064249e-46,((exp((1/4 + 3)^3))^-3)/(pi),5.988310936884763e-46,20,0.001143356324309007,div,TRASH_BROAD_GRAMMAR,false
20,41,2.921562181413435e-45,((((2 * alpha)^2)^2)^3)^2 * 1/3,2.907813514466928e-45,17,0.004705929941855963,mul,TRASH_BROAD_GRAMMAR,false
20,42,1.9446966240593868e-46,((((3)/(exp((pi)^2)))^2)^2)^3,1.948400790506704e-46,15,0.0019047528552732285,pow,TRASH_BROAD_GRAMMAR,false
20,43,2.5414300888230133e-46,((((alpha)^2 * e)^3)^2)^2 * 3,2.5387675990413613e-46,17,0.0010476344768882103,mul,TRASH_BROAD_GRAMMAR,false
20,44,2.417033802341915e-46,(2)/(((exp((2 + pi)^2))^2)^2),2.3825263028158322e-46,17,0.01427679641577523,div,TRASH_BROAD_GRAMMAR,false
20,45,3.494214417514351e-45,((((e)/((5)^3))^3)^3)^3 * e,3.496835013644038e-45,20,0.0007499814884145686,mul,TRASH_BROAD_GRAMMAR,false
20,46,8.920219690830909e-45,(2 * exp(exp(1/2 + 3)))^-3,8.939965829506674e-45,20,0.0022136381569236086,pow,TRASH_BROAD_GRAMMAR,false
20,47,2.9124145942863408e-46,((4 * exp((5)^2))^2)^-2 * 2,2.9063093562662774e-46,20,0.0020962805336990123,mul,TRASH_BROAD_GRAMMAR,false
20,48,5.838963754038997e-46,((((((1/3)^2)^2)^2)^2)^2)^3 * 1 + e,5.8438875579478665e-46,17,0.0008432667364074127,mul,TRASH_BROAD_GRAMMAR,false
20,49,1.0800192933150413e-44,(((alpha * pi)^3)^3)^3 * 2,1.070386089664225e-44,18,0.00891947367092657,mul,TRASH_BROAD_GRAMMAR,false
20,50,1.1663692264903151e-45,((exp(2))-((e)^2))^3 * 5/3,1.167748720270681e-45,19,0.001182724774483991,mul,TRASH_BROAD_GRAMMAR,false
20,51,8.912729130252355e-45,(2 * exp(exp(1/2 + 3)))^-3,8.939965829506674e-45,20,0.0030559325719739477,pow,TRASH_BROAD_GRAMMAR,false
20,52,5.656047997635633e-45,((((3 * 5)^3)^3 * 3)^-2)^2,5.652357927385393e-45,19,0.0006524114101899329,pow,TRASH_BROAD_GRAMMAR,false
20,53,1.1401462220718053e-45,(3)/(((exp((5)^2) * pi)^2)^2),1.145707018677222e-45,18,0.004877266176711874,div,TRASH_BROAD_GRAMMAR,false
20,54,1.0389764891568209e-45,(e)/(((exp((5)^2) * pi)^2)^2),1.0381181898694267e-45,18,0.0008261007793262731,div,TRASH_BROAD_GRAMMAR,false
20,55,1.7877861600497952e-46,((((exp(5))/(3))^-3)^3)^3,1.7886230388100725e-46,18,0.0004681089824825466,pow,TRASH_BROAD_GRAMMAR,false
20,56,1.7334986537480716e-44,(3)/(((((4)^2 * e)^3)^3)^3),1.7375235979734382e-44,19,0.0023218617543567287,div,TRASH_BROAD_GRAMMAR,false
20,57,1.7922109369980877e-45,(((((1/4)^2)^2)^2)^3)^3 * (1/5)^2,1.7936620343357662e-45,17,0.0008096688329048168,mul,TRASH_BROAD_GRAMMAR,false
20,58,6.143282681479677e-45,((exp((1)-((3)^3)))^2 * 3)^2,6.132201139390771e-45,17,0.0018038470087521198,pow,TRASH_BROAD_GRAMMAR,false
20,59,1.5924519656159248e-45,(2)/((((mtau/me)^2 * e)^3)^2),1.5865804180129888e-45,20,0.003687111278527634,div,TRASH_BROAD_GRAMMAR,false
20,60,6.619169626737085e-45,((((pi)^3)^3 * e + e)^3)^-3,6.638635960586139e-45,20,0.0029409027033274987,pow,TRASH_BROAD_GRAMMAR,false
20,61,2.081139966915765e-45,((exp(2))-((e)^2))^3 * 3,2.1019476964872256e-45,17,0.009998236496460929,mul,TRASH_BROAD_GRAMMAR,false
20,62,7.833741494624107e-46,(((((4 + e)^3)^3)^-3)^2)/(e),7.829999403222486e-46,20,0.0004776889056384464,div,TRASH_BROAD_GRAMMAR,false
20,63,1.3538912079052238e-44,(((((3)-(e))^3)^3)^3)^3 * 5,1.3613623785887113e-44,20,0.005518294704821243,mul,TRASH_BROAD_GRAMMAR,false
20,64,4.299674482320482e-46,(4)/((((alpha * e)^-3)^3)^3),4.300063815769074e-46,20,9.054951722341983e-5,div,TRASH_BROAD_GRAMMAR,true
20,65,7.17390810387115e-45,((((3 * 5)^2)^3 * 2)^3)^-2,7.153765501847139e-45,19,0.0028077585790570844,pow,TRASH_BROAD_GRAMMAR,false
20,66,5.8813287713622614e-46,(((alpha)^2 * 1/5)^3)^3 * 1/3,5.876579805215601e-46,18,0.0008074648317203655,mul,TRASH_BROAD_GRAMMAR,false
20,67,1.9884015962344307e-45,(((exp(3 + e))^2)^3)^-3,1.9882528185733235e-45,16,7.482274274418762e-5,pow,TRASH_BROAD_GRAMMAR,true
20,68,2.0983130430407635e-46,((((alpha)/(e))^3)^2)^3 * 4,2.0976607359754912e-46,18,0.00031087213961507706,mul,TRASH_BROAD_GRAMMAR,false
20,69,4.313015678000564e-46,(((exp((3)^3))/(4))^2 * e)^-2,4.323614413374802e-46,20,0.002457383920095544,pow,TRASH_BROAD_GRAMMAR,false
20,70,1.85302245024084e-45,((exp((1)-((3)^3)))^2)^2 * e,1.852116769517976e-45,17,0.0004887586347084987,mul,TRASH_BROAD_GRAMMAR,false
20,71,4.7967323539324966e-46,(((3/2)/((exp(4))^3))^3)^3,4.7975254354522745e-46,18,0.00016533787196356807,pow,TRASH_BROAD_GRAMMAR,false
20,72,2.7853934628231874e-46,((exp(2))-((e)^2))^3 * 2/5,2.8025969286496343e-46,19,0.006176314425973398,mul,TRASH_BROAD_GRAMMAR,false
20,73,3.225085440813665e-45,((((5 * pi)^2)^3)^2 * 3)^-3,3.223447956216977e-45,19,0.0005077337102346202,pow,TRASH_BROAD_GRAMMAR,false
20,74,2.3200645665583245e-45,((4)/((exp((5)^2))^-2))^-2,2.325047485013021e-45,17,0.0021477499059814283,pow,TRASH_BROAD_GRAMMAR,false
20,75,2.3774624827436897e-46,(((exp(1/2))^2)-(e))^3 * e,2.3807025948885723e-46,17,0.0013628447003476622,mul,TRASH_BROAD_GRAMMAR,false
20,76,8.508140603988889e-45,(4)/(((((4 + e)^3)^2)^3)^3),8.513658037849938e-45,20,0.0006484887965370477,div,TRASH_BROAD_GRAMMAR,false
20,77,8.978603020983046e-46,((((((1/3)^2)^2)^2)^2)^2)^3 * 3 + e,8.987214410269724e-46,18,0.0009591012395306199,mul,TRASH_BROAD_GRAMMAR,false
20,78,9.070857384110601e-45,(exp((e)-(exp(e)) * e))^3,9.050594601489818e-45,19,0.002233833226865325,pow,TRASH_BROAD_GRAMMAR,false
20,79,3.32728385285731e-45,(((alpha * e)^3)^3 * pi)^3,3.333224210367042e-45,18,0.0017853473801553608,pow,TRASH_BROAD_GRAMMAR,false
20,80,3.8078113614139836e-46,((exp((5)^2) * pi)^-2)^2,3.819023395590739e-46,15,0.0029444825682204425,pow,TRASH_BROAD_GRAMMAR,false
20,81,5.180881357895839e-45,((exp(2))-((e)^2))^3 * (e)^2,5.1771364821207214e-45,18,0.0007228260051564522,mul,TRASH_BROAD_GRAMMAR,false
20,82,4.1520113309942844e-46,((((((((2/3)^2)^2)^2)^2)^2)^2)^2)^2 * 1/2,4.1649298030870535e-46,16,0.003111376887710835,mul,TRASH_BROAD_GRAMMAR,false
20,83,1.606772402733571e-44,(((alpha * pi)^3)^3)^3 * 3,1.6055791344963377e-44,18,0.0007426491986065876,mul,TRASH_BROAD_GRAMMAR,false
20,84,8.936591069475415e-45,(2 * exp(exp(1/2 + 3)))^-3,8.939965829506674e-45,20,0.0003776339327851371,pow,TRASH_BROAD_GRAMMAR,false
20,85,3.035411073036028e-45,(((3)/(exp((3)^3)))^2)^2 * 3,3.032509904878472e-45,18,0.0009557743869776937,mul,TRASH_BROAD_GRAMMAR,false
20,86,6.775045623825026e-45,(((((3)/((5)^3))^3)^3)^3)/(e),6.782800512495174e-45,20,0.0011446253059724614,div,TRASH_BROAD_GRAMMAR,false
20,87,2.845176500184011e-45,((4 * exp(5 * pi))^-2)^3,2.859890708581541e-45,20,0.005171632901009242,pow,TRASH_BROAD_GRAMMAR,false
20,88,2.642211655130106e-46,(((exp(2))/(e))-(e))^3 * 3,2.627434620609032e-46,20,0.005592676306753526,mul,TRASH_BROAD_GRAMMAR,false
20,89,7.992163903668099e-46,(((2)/((((e)^3)^3)^2))^2)^3,7.986857362642941e-46,15,0.0006639679927888495,pow,TRASH_BROAD_GRAMMAR,false
20,90,8.801027670315612e-46,((e)/((exp((2 + pi)^2))^2))^2,8.802310254342007e-46,17,0.00014573116622739726,pow,TRASH_BROAD_GRAMMAR,false
20,91,2.5026225493412595e-46,((e)^3)/(((exp((1/3)^-3))^2)^2),2.5065674758999165e-46,17,0.0015763170357813085,div,TRASH_BROAD_GRAMMAR,false
20,92,2.431031957822347e-46,(exp((pi)^3 + 4) + pi)^-3,2.4598103090445416e-46,20,0.011837915634796333,pow,TRASH_BROAD_GRAMMAR,false
20,93,2.847393033330373e-45,((4 * exp(5 * pi))^-2)^3,2.859890708581541e-45,20,0.00438916408970415,pow,TRASH_BROAD_GRAMMAR,false
20,94,1.022120535949611e-45,((((5 * e)^2)^3 * 5)^-3)^2,1.0201369290978834e-45,20,0.0019406780139532452,pow,TRASH_BROAD_GRAMMAR,false
20,95,4.299948439315215e-46,(4)/((((alpha * e)^-3)^3)^3),4.300063815769074e-46,20,2.6832055194884582e-5,div,TRASH_BROAD_GRAMMAR,true
20,96,4.7672243425750466e-45,(e)/((((3 * exp(e))^3)^3)^3),4.7597160937714036e-45,20,0.00157497282781271,div,TRASH_BROAD_GRAMMAR,false
20,97,2.3114216257089537e-46,((((2 + 5)^-2)^3)^3)^3,2.315825540041047e-46,16,0.0019052838664787215,pow,TRASH_BROAD_GRAMMAR,false
20,98,1.27961732886167e-45,((((1/3)/(mp/me))^2)^3)^2,1.281266500781827e-45,16,0.0012888008648835403,pow,TRASH_BROAD_GRAMMAR,false
20,99,5.28481257470612e-46,((((((1/3)^2)^2)^2)^2)^2 * 3/2)^3,5.304364063293134e-46,15,0.003699561396101458,pow,TRASH_BROAD_GRAMMAR,false
20,100,3.7391509163732894e-46,(pi)/(((exp((2 + pi)^2))^2)^2),3.7424635649553344e-46,17,0.0008859360470152027,div,TRASH_BROAD_GRAMMAR,false
20,101,1.9941605600257588e-46,((((1 + e)^3)^3)^3)^-3 * pi,1.992614259038507e-46,19,0.0007754144868012688,mul,TRASH_BROAD_GRAMMAR,false
20,102,2.3354568827424145e-45,(alpha)/((((mtau/me)^2)^2)^3),2.3354163435033942e-45,17,1.7358162045226418e-5,div,TRASH_BROAD_GRAMMAR,true
20,103,5.409994109298685e-45,(((exp(3 + e))^2)^3)^-3 * e,5.404631507110344e-45,20,0.0009912399311348562,mul,TRASH_BROAD_GRAMMAR,false
20,104,6.1154177209917925e-46,((((4)^3 + 1 * 5)^-3)^3)^2,6.110820155171193e-46,20,0.000751799146085795,pow,TRASH_BROAD_GRAMMAR,false
20,105,5.669058577684862e-45,((((3 * 5)^3)^3 * 3)^-2)^2,5.652357927385393e-45,19,0.00294593009943623,pow,TRASH_BROAD_GRAMMAR,false
20,106,3.9843671058946456e-45,(((exp(3 + e))^2)^3)^-3 * 2,3.976505637146647e-45,20,0.001973078418494113,mul,TRASH_BROAD_GRAMMAR,false
20,107,1.7399896125155942e-44,((((4)^2 * e)^3)^3)^-3 * 3,1.7375235979734384e-44,20,0.0014172581976455076,mul,TRASH_BROAD_GRAMMAR,false
20,108,1.6873322378733594e-45,(((((alpha)/(5))^2)^2)^2)^2 * 4,1.6950604659920276e-45,18,0.004580146070348609,mul,TRASH_BROAD_GRAMMAR,false
20,109,9.863128011665578e-45,(2)/((exp((pi)^3 + 3))^3),9.881322157270423e-45,18,0.0018446628273834998,div,TRASH_BROAD_GRAMMAR,false
20,110,1.262677021126362e-44,((((3/2 + 5)^-3)^3)^2)^3,1.266714498154342e-44,17,0.0031975532621781686,pow,TRASH_BROAD_GRAMMAR,false
20,111,3.8266894216537185e-45,(exp((pi)^3 + e))^-3 * 1/3,3.8345089020497404e-45,19,0.002043406070995622,mul,TRASH_BROAD_GRAMMAR,false
20,112,1.324328635589906e-44,(exp((e)^2 + 5 * e))^-3,1.3269802808459347e-44,19,0.0020022562261124022,pow,TRASH_BROAD_GRAMMAR,false
20,113,2.9348975032603513e-46,(e)/((((alpha * e)^3)^3)^-3),2.9221963329048346e-46,19,0.004327636771439939,div,TRASH_BROAD_GRAMMAR,false
20,114,5.689503273492365e-46,((((3)/(alpha))^2)^-3 * 4)^3,5.688179870517514e-46,19,0.0002326043085372472,pow,TRASH_BROAD_GRAMMAR,false
20,115,9.10124699389006e-46,((e * pi)/((exp((3)^3))^2))^2,9.100906731879855e-46,18,3.738630656148186e-5,pow,TRASH_BROAD_GRAMMAR,true
20,116,1.754133216610914e-45,(((exp(2))-((e)^2))^3)/(2/5),1.7516230804060213e-45,19,0.001430983793661038,div,TRASH_BROAD_GRAMMAR,false
20,117,5.595116197167308e-46,((e * exp((4)^2))^3 * 3)^-2,5.593972620849987e-46,20,0.0002043883052687423,pow,TRASH_BROAD_GRAMMAR,false
20,118,3.023583169508693e-45,(((3)/(exp((3)^3)))^2)^2 * 3,3.032509904878472e-45,18,0.0029523697114736164,mul,TRASH_BROAD_GRAMMAR,false
20,119,7.3178661800915e-45,(((((1 + pi)^-3)^2)^2)^3)^2 * 2,7.327882875541531e-45,18,0.0013688000304354485,mul,TRASH_BROAD_GRAMMAR,false
20,120,3.7732458212097554e-45,(exp((5)^2 * 2) * pi)^-2,3.7692250112985615e-45,18,0.0010656103794225407,pow,TRASH_BROAD_GRAMMAR,false
20,121,8.834657696447706e-46,((((((1/3)^2)^2)^2)^2 * 4/3)^3)^2,8.830635656454272e-46,16,0.00045525702654569585,pow,TRASH_BROAD_GRAMMAR,false
20,122,3.481048823227955e-45,(e)/((((3 * mp/me)^3)^2)^2),3.482843446488556e-45,20,0.0005155409624322131,div,TRASH_BROAD_GRAMMAR,false
20,123,3.0508294276238326e-46,((exp((3)^3))^-2 * 3)^2 * e,3.0530431737234137e-46,19,0.0007256210653852684,mul,TRASH_BROAD_GRAMMAR,false
20,124,1.4814089381597748e-44,((exp((4)^2))^-2)^3 * alpha,1.482159926086135e-44,17,0.0005069416735752778,mul,TRASH_BROAD_GRAMMAR,false
20,125,2.1603045843658174e-46,(((exp((1)-((3)^3)))^2)^2)/(pi),2.1688224963728754e-46,17,0.003942921784595705,div,TRASH_BROAD_GRAMMAR,false
20,126,1.1513849533654482e-44,(3/3)/((exp((pi)^3 + e))^3),1.1503526706149223e-44,19,0.000896557443719057,div,TRASH_BROAD_GRAMMAR,false
20,127,9.932546731787573e-45,(5)/((((exp(3 + e))^3)^2)^3),9.941264092866612e-45,20,0.0008776561857131976,div,TRASH_BROAD_GRAMMAR,false
20,128,9.15940719828288e-45,(((3)/(((4)^3)^3))^3)^3 * e,9.152220542029643e-45,20,0.0007846202377140844,mul,TRASH_BROAD_GRAMMAR,false
20,129,1.2598383568941732e-44,((((3/2 + 5)^-3)^3)^2)^3,1.266714498154342e-44,17,0.005457955159517756,pow,TRASH_BROAD_GRAMMAR,false
20,130,5.0850660161595066e-46,(((pi)^3 * mtau/me)^-3)^3,5.079870913810076e-46,19,0.0010216391159762878,pow,TRASH_BROAD_GRAMMAR,false
20,131,2.0826471087025476e-46,((((((1/3)^2)^2)^2)^2)^2)^3 * 4/3,2.0955512348812385e-46,16,0.006196021459790178,mul,TRASH_BROAD_GRAMMAR,false
20,132,4.098558155854424e-46,(2)/(((((pi)^3)^3 * 4)^3)^3),4.1053518607915874e-46,20,0.0016575841256415717,div,TRASH_BROAD_GRAMMAR,false
20,133,4.0618673567641165e-46,(((((pi)-(((3)^2)^2))^2)^2)^-2)^3,4.061323877987701e-46,15,0.00013380022750148098,pow,TRASH_BROAD_GRAMMAR,false
20,134,1.74006211483404e-45,((((2 * alpha)^2)^3)^2)^2 * 1/5,1.7446881086801566e-45,18,0.0026585222485334455,mul,TRASH_BROAD_GRAMMAR,false
20,135,5.354967530200679e-46,2/5 * alpha^21,5.3521948041983455e-46,15,0.000517785773059551,alpha_family,SIBLING_PRE_EXP_TRUNCATION,false
20,136,9.073805604396351e-45,(((5)/(((4 * 5)^3)^3))^2)^2,9.094947017729284e-45,20,0.002329938975405158,pow,TRASH_BROAD_GRAMMAR,false
20,137,3.557943554940274e-45,(e * exp(exp(1/2 + 3)))^-3,3.5607575196801305e-45,20,0.0007908963974286223,pow,TRASH_BROAD_GRAMMAR,false
20,138,3.2481847737443216e-45,((exp(2))-((e)^2) * 5/3)^3,3.2437464451963365e-45,19,0.0013664027317229358,pow,TRASH_BROAD_GRAMMAR,false
20,139,9.280574976212761e-46,((exp((e)-(4 * 5)))^2)^3,9.28690411859546e-46,19,0.0006819773989133999,pow,TRASH_BROAD_GRAMMAR,false
20,140,3.578017035225023e-46,((exp((2 + pi)^2))^2)^-2 * 3,3.573789454223748e-46,18,0.0011815430054286848,mul,TRASH_BROAD_GRAMMAR,false
20,141,1.3566516800468302e-44,(((((3)-(e))^3)^3)^3)^3 * 5,1.3613623785887113e-44,20,0.003472297724732434,mul,TRASH_BROAD_GRAMMAR,false
20,142,1.86493494379925e-46,(((((((1/5)^2)^2)^2)^2)^2)^2)/((pi)^2),1.8690459438955443e-46,15,0.0022043664900820866,div,TRASH_BROAD_GRAMMAR,false
20,143,4.9152528719168955e-46,(exp((pi)^3 + 4))^-3 * 2,4.9196206180891135e-46,20,0.0008886106749813398,mul,TRASH_BROAD_GRAMMAR,false
20,144,2.825046925437939e-45,(3/2)/((exp((1/4 + 3)^3))^3),2.821925047009288e-45,20,0.0011050713531659978,div,TRASH_BROAD_GRAMMAR,false
20,145,1.2172458983743039e-45,(exp((e + pi)^2))^-3 * 2/3,1.2171076198294724e-45,19,0.00011359951593689677,mul,TRASH_BROAD_GRAMMAR,false
20,146,7.726044520677718e-45,(5)/((((3 * alpha)^3)^-3)^3),7.703849321473895e-45,20,0.0028727765086546575,div,TRASH_BROAD_GRAMMAR,false
20,147,8.663062173050995e-46,((((alpha)^2 * 3)^2)^2)^3 * pi,8.681061616613775e-46,17,0.002077723004086451,mul,TRASH_BROAD_GRAMMAR,false
20,148,1.9750106194461094e-45,(2/5)/((exp((pi)^3 + 3))^3),1.9762644314540846e-45,20,0.0006348381095422997,div,TRASH_BROAD_GRAMMAR,false
20,149,4.604395563377851e-45,(2/5)/((exp((pi)^3 + e))^3),4.6014106824596894e-45,20,0.0006482676992182898,div,TRASH_BROAD_GRAMMAR,false
20,150,1.2960348170049248e-45,((((alpha)/((((e)^2)^2)^2))^2)^2)^2,1.2896616768302605e-45,14,0.004917414324865405,pow,TRASH_BROAD_GRAMMAR,false
20,151,2.872379188895384e-45,(((mmu/me)^3 * 3)^-2)^3,2.874497253062544e-45,18,0.0007373901660854351,pow,TRASH_BROAD_GRAMMAR,false
20,152,1.712864607327718e-45,((((2 + 5)^3)^3)^-3 * e)^2,1.7111764830699726e-45,20,0.0009855561557658963,pow,TRASH_BROAD_GRAMMAR,false
20,153,3.3844616969143272e-46,((((alpha)^2 * e)^2)^2)^3 * 4,3.3850234653884815e-46,18,0.00016598458616517975,mul,TRASH_BROAD_GRAMMAR,false
20,154,8.47461066270926e-46,(((((5)/(alpha))^2)^2)^2)^-2 * 2,8.475302329960135e-46,18,8.161640438746787e-5,mul,TRASH_BROAD_GRAMMAR,true
20,155,1.3735768862359136e-45,(5)/(((((5)^3 * e)^3)^2)^3),1.3717946220629599e-45,20,0.0012975350639727792,div,TRASH_BROAD_GRAMMAR,false
20,156,6.493550710555878e-46,((((alpha)^2 * 1/5)^3)^3)/(e),6.485618684226297e-46,18,0.0012215237368804427,div,TRASH_BROAD_GRAMMAR,false
20,157,2.773088540565719e-45,((((((1/5)^2)^2)^2)^2)^2)^2 * (2/3)^-1,2.7670116110564518e-45,16,0.002191393971152265,mul,TRASH_BROAD_GRAMMAR,false
20,158,4.089491540539331e-45,(((mmu/me)^2 * 2)^-3)^3,4.092790034145691e-45,18,0.0008065779262927722,pow,TRASH_BROAD_GRAMMAR,false
20,159,1.3877756993589214e-44,(5)/(((3 * exp((4)^2))^2)^3),1.3930676699141373e-44,20,0.003813275126276176,div,TRASH_BROAD_GRAMMAR,false
20,160,2.884973955696365e-46,(exp(pi))/(((exp((3)^3))^2)^2),2.8878345520432668e-46,17,0.000991550145974004,div,TRASH_BROAD_GRAMMAR,false
20,161,1.1547339266317194e-44,((((4)^2 * e)^-3)^3)^3 * 2,1.1583490653156256e-44,20,0.003130711413711801,mul,TRASH_BROAD_GRAMMAR,false
20,162,4.525993232469377e-46,(2/3)/(((exp((5)^2 + 1))^2)^2),4.542371214363532e-46,18,0.0036186492230389695,div,TRASH_BROAD_GRAMMAR,false
20,163,3.0562272925515517e-46,((exp((3)^3))^-2 * 3)^2 * e,3.0530431737234137e-46,19,0.0010418462121250284,mul,TRASH_BROAD_GRAMMAR,false
20,164,9.293935896431099e-45,((((5)^3 * 2)^3)^3 * e)^-2,9.300169847938377e-45,20,0.0006707547347804954,pow,TRASH_BROAD_GRAMMAR,false
20,165,1.03525048890801e-44,((exp(4 * e))^3 * pi)^-3,1.021639418101287e-44,20,0.013147611087902022,pow,TRASH_BROAD_GRAMMAR,false
20,166,4.4096504255067163e-45,((((alpha)^2 * 3)^2)^3 * 4)^2,4.421228376222087e-45,18,0.002625593776867338,pow,TRASH_BROAD_GRAMMAR,false
20,167,4.175168673021971e-45,(((((alpha)/(2))^3)^3)^2)/(pi),4.18105747315617e-45,17,0.0014104340675503346,div,TRASH_BROAD_GRAMMAR,false
20,168,5.461791183700933e-46,(((((2)-((e)^3))^3)^3)^2)^-2,5.445896230323551e-46,16,0.0029102089118337843,pow,TRASH_BROAD_GRAMMAR,false
20,169,3.997643764107035e-46,((1/2 * exp((3)^3))^-2)^2 * 2,3.993428681321444e-46,19,0.0010543917953461357,mul,TRASH_BROAD_GRAMMAR,false
20,170,5.7084113842964895e-46,(e * exp((pi)^3 + e))^-3,5.727268705906003e-46,19,0.003303427230453027,pow,TRASH_BROAD_GRAMMAR,false
20,171,5.793759334260033e-46,(1/4)/((exp((1/4)/(alpha)))^3),5.787038084456296e-46,19,0.0011600843970153846,div,TRASH_BROAD_GRAMMAR,false
20,172,1.0865269637242048e-44,(1/2)/((((((exp(pi))^2)^2)^2)^2)^2),1.0937716976066177e-44,15,0.0066677902383394765,div,TRASH_BROAD_GRAMMAR,false
20,173,3.261332121413075e-45,((exp(2))-((e)^2) * 5/3)^3,3.2437464451963365e-45,19,0.005392175823270399,pow,TRASH_BROAD_GRAMMAR,false
20,174,8.917237999842545e-45,(2 * exp(exp(1/2 + 3)))^-3,8.939965829506674e-45,20,0.0025487521656963447,pow,TRASH_BROAD_GRAMMAR,false
20,175,1.771595156897959e-45,(exp((3)-((pi)^2) * 5))^3,1.7722734694218083e-45,18,0.00038288235391027275,pow,TRASH_BROAD_GRAMMAR,false
20,176,2.273716668244008e-46,((exp((1)-((3)^3)))^2)^2 * 1/3,2.271185607181767e-46,17,0.0011131822612690152,mul,TRASH_BROAD_GRAMMAR,false
20,177,1.132769755648644e-44,(e)/((((e * mp/me)^3)^2)^2),1.1372481190309235e-44,20,0.003953463058090786,div,TRASH_BROAD_GRAMMAR,false
20,178,1.832136233307839e-45,(4)/(((3 * exp((5)^2))^2)^2),1.837074556059671e-45,19,0.0026953905839829533,div,TRASH_BROAD_GRAMMAR,false
20,179,1.4737192052426364e-44,((exp((4)^2))^-2)^3 * alpha,1.482159926086135e-44,17,0.005727495993450677,mul,TRASH_BROAD_GRAMMAR,false
20,180,9.601280971962379e-45,(((1 + pi)/((alpha)^2))^3)^-3,9.604383600746465e-45,17,0.00032314737930772225,pow,TRASH_BROAD_GRAMMAR,false
20,181,5.844051059759211e-45,((((1/3)/(exp((e)^2)))^2)^3)^2,5.837534502948854e-45,15,0.00111507526948707,pow,TRASH_BROAD_GRAMMAR,false
20,182,6.3128137707298775e-46,(4)/(((exp((3)^2 + e))^3)^3),6.300772108007438e-46,20,0.0019074953198005603,div,TRASH_BROAD_GRAMMAR,false
20,183,3.546765865439591e-46,(e)/(((5 * exp((4)^2))^2)^3),3.533492657298262e-46,20,0.0037423412328019766,div,TRASH_BROAD_GRAMMAR,false
20,184,9.522456283578323e-46,(1)/(((5/2 * exp((5)^2))^2)^2),9.523394498613338e-46,19,9.852657834026144e-5,div,TRASH_BROAD_GRAMMAR,true
20,185,2.5213630338589943e-45,((exp((4)^2 + 1))^-2)^3 * 1/2,2.5172876793824924e-45,19,0.0016163299063937015,mul,TRASH_BROAD_GRAMMAR,false
20,186,2.2031901164098665e-45,(((5/3)/(1/3))-(5))^3 * pi,2.201154480504752e-45,20,0.0009239492724447925,mul,TRASH_BROAD_GRAMMAR,false
20,187,7.317419299282455e-45,(((((1 + pi)^-3)^2)^2)^3)^2 * 2,7.327882875541531e-45,18,0.0014299544458388237,mul,TRASH_BROAD_GRAMMAR,false
20,188,7.491259089320022e-45,(((pi)^3)^2 * exp((3)^3))^-3,7.472213242836686e-45,18,0.0025424092607460747,pow,TRASH_BROAD_GRAMMAR,false
20,189,1.5362555803491135e-45,((((3)/((alpha)^-1))^3)^3)^3,1.5407698642947718e-45,15,0.0029384979969494978,pow,TRASH_BROAD_GRAMMAR,false
20,190,9.628536727126692e-46,((((((1/3)-((3)^2))^2)^2)^2)^-2)^3,9.618326689658585e-46,15,0.0010603934696890639,pow,TRASH_BROAD_GRAMMAR,false
20,191,1.846157329779018e-46,((exp((1/2)-((3)^3)))^2)^2 * 2,1.8442292845851755e-46,18,0.00104435584266987,mul,TRASH_BROAD_GRAMMAR,false
20,192,6.197835936425674e-45,(((exp((5)^2))^-2)^2)/(1 + 5),6.20012662670139e-45,19,0.00036959517793188896,div,TRASH_BROAD_GRAMMAR,false
20,193,9.982265067197336e-45,(e)/((((((1 + pi)^2)^3)^2)^2)^3),9.959625430830423e-45,17,0.002267985894434826,div,TRASH_BROAD_GRAMMAR,false
20,194,2.0272636111541416e-46,((((alpha)^3 * 5)^2)^2)^2,2.031084276596269e-46,14,0.00188464165247468,pow,TRASH_BROAD_GRAMMAR,false
20,195,4.0645110731384546e-45,((1/5)/((exp((5)^2))^2))^2 * e,4.044885970441794e-45,19,0.004828404288614007,mul,TRASH_BROAD_GRAMMAR,false
20,196,6.43991286238352e-46,((((alpha)/(5/2))^2)^3)^3 * e,6.432062531315618e-46,19,0.001219012001506561,mul,TRASH_BROAD_GRAMMAR,false
20,197,1.0728883524085757e-45,(exp((3)^3) * mp/me)^-3,1.0725575340397699e-45,20,0.0003083437042289965,pow,TRASH_BROAD_GRAMMAR,false
20,198,1.990675284927066e-45,(((exp(3 + e))^2)^3)^-3,1.9882528185733235e-45,16,0.001216906831608723,pow,TRASH_BROAD_GRAMMAR,false
20,199,4.506122764594183e-45,(exp(((2/3)-(4))^3 + 3))^3,4.505135974487608e-45,20,0.00021898873113902485,pow,TRASH_BROAD_GRAMMAR,false
20,200,9.43760318551166e-46,(exp((5)-((4)^2) * pi))^3,9.453232147920063e-46,19,0.0016560308905969713,pow,TRASH_BROAD_GRAMMAR,false
20,201,4.319572275227826e-46,(((exp((3)^3))/(4))^2 * e)^-2,4.323614413374802e-46,20,0.0009357727778180983,pow,TRASH_BROAD_GRAMMAR,false
20,202,1.5487922555170564e-45,(4 * exp((pi)^3 + 2))^-3,1.5505598518731834e-45,20,0.0011412740151756974,pow,TRASH_BROAD_GRAMMAR,false
20,203,6.08955307140919e-45,(2)/(((exp((e)^2 + 4))^3)^3),6.098064799827201e-45,20,0.00139775913243517,div,TRASH_BROAD_GRAMMAR,false
20,204,1.1672702726939715e-44,(exp((3)^3 + 4 + e))^-3,1.1722190850960394e-44,20,0.004239645708312608,pow,TRASH_BROAD_GRAMMAR,false
20,205,1.2839348569232579e-45,((((5)^-3 * e)^-3)^-3)^3,1.286413710688101e-45,19,0.0019306694194620342,pow,TRASH_BROAD_GRAMMAR,false
20,206,5.589815678024079e-45,((((4/5 + e)^-3)^3)^3)^3,5.5875234066208596e-45,19,0.00041007996242723425,pow,TRASH_BROAD_GRAMMAR,false
20,207,6.416344766996494e-46,(((2/5 * alpha)^2)^3)^3 * e,6.432062531315618e-46,19,0.0024496446013891364,mul,TRASH_BROAD_GRAMMAR,false
20,208,1.2559465970563162e-44,((((3/2 + 5)^-3)^3)^2)^3,1.266714498154342e-44,17,0.00857353419585171,pow,TRASH_BROAD_GRAMMAR,false
20,209,2.0724255255549665e-45,(((3 * alpha)^3)^3)^3 * 4/3,2.0543598190597044e-45,20,0.00871718007353939,mul,TRASH_BROAD_GRAMMAR,false
20,210,1.9602739201070282e-45,(((((((pi)^-1)/(e))^2)^2)^2)^2)^3,1.9528594126258656e-45,14,0.003782383372604237,pow,TRASH_BROAD_GRAMMAR,false
20,211,1.5072714781109052e-45,((exp((5)^2 + 4/5))^2)^-2,1.516384957495807e-45,18,0.006046342359190512,pow,TRASH_BROAD_GRAMMAR,false
20,212,9.245446816367288e-46,(((3 * alpha)^3)^3)^3 * 3/5,9.24461918576867e-46,20,8.951764204117037e-5,mul,TRASH_BROAD_GRAMMAR,true
20,213,1.2539475308310984e-44,(e * exp((3 + e)^2))^-3,1.2429690125885463e-44,18,0.00875516556524159,pow,TRASH_BROAD_GRAMMAR,false
20,214,3.562157677947651e-46,(3)/(((exp((2 + pi)^2))^2)^2),3.573789454223748e-46,17,0.003265373778400023,div,TRASH_BROAD_GRAMMAR,false
20,215,3.964400956426166e-46,((4 * exp((5)^2))^2)^-2 * e,3.950083955509563e-46,20,0.00361139074325857,mul,TRASH_BROAD_GRAMMAR,false
20,216,7.840660943833894e-45,(5)/((exp((3)^3 + (e)^2))^3),7.834983738993173e-45,20,0.0007240722282712382,div,TRASH_BROAD_GRAMMAR,false
20,217,9.170345846635233e-45,(((3)/(((4)^3)^3))^3)^3 * e,9.152220542029643e-45,20,0.001976512653799307,mul,TRASH_BROAD_GRAMMAR,false
20,218,2.075437417163622e-45,(((3 * alpha)^3)^3)^3 * 4/3,2.0543598190597044e-45,20,0.01015573773972101,mul,TRASH_BROAD_GRAMMAR,false
20,219,2.1635119250977153e-46,(((exp((1)-((3)^3)))^2)^2)/(pi),2.1688224963728754e-46,17,0.0024546068887141685,div,TRASH_BROAD_GRAMMAR,false
20,220,5.924946076486608e-46,(5)/(((exp((2 + pi)^2))^2)^2),5.95631575703958e-46,18,0.005294509038228063,div,TRASH_BROAD_GRAMMAR,false
20,221,2.7243269995596077e-45,((exp((5)^2 + 1))^-2)^2 * 4,2.7254227286181187e-45,19,0.0004022017396179614,mul,TRASH_BROAD_GRAMMAR,false
20,222,2.0486360432187438e-45,((exp((1)-((3)^3)))^2)^2 * 3,2.0440670464635904e-45,17,0.002230262798644718,mul,TRASH_BROAD_GRAMMAR,false
20,223,1.519226132484977e-44,((((1/3 + pi)^3)^-3)^3)^3,1.5254912764204304e-44,16,0.004123904796980909,pow,TRASH_BROAD_GRAMMAR,false
20,224,7.369382276047205e-45,(((((4)^3 + 5)^-3)^2)^2)^2,7.372619529029915e-45,17,0.0004392841708364538,pow,TRASH_BROAD_GRAMMAR,false
20,225,8.599256821701412e-45,((((1/3)^-3)^3 * 4)^-3)^3,8.60277265063649e-45,18,0.000408852649476137,pow,TRASH_BROAD_GRAMMAR,false
20,226,4.3279264052493304e-46,((1/4 * exp((3)^3))^2 * e)^-2,4.323614413374802e-46,20,0.0009963182066354444,pow,TRASH_BROAD_GRAMMAR,false
20,227,7.303316062183826e-46,((exp((e + pi)^2))^-3)/(5/2),7.302645718976835e-46,20,9.178614225151278e-5,div,TRASH_BROAD_GRAMMAR,true
20,228,3.489058375432701e-46,(3)/(((((4)^2 * pi)^3)^3)^3),3.4900782179607028e-46,19,0.00029229735311474514,div,TRASH_BROAD_GRAMMAR,false
20,229,4.918004705288018e-46,(exp((pi)^3 + 4))^-3 * 2,4.9196206180891135e-46,20,0.0003285708123373122,mul,TRASH_BROAD_GRAMMAR,false
20,230,3.3779143077648935e-45,((((4)^3)^3 * 1/3)^-3)^3,3.366913778479661e-45,17,0.0032566040115183364,pow,TRASH_BROAD_GRAMMAR,false
20,231,2.3185689704188886e-45,(2/2)/((exp((1/4)/(alpha)))^3),2.3148152337825184e-45,19,0.0016189885590041314,div,TRASH_BROAD_GRAMMAR,false
20,232,3.9671277084490205e-46,((4 * exp((5)^2))^2)^-2 * e,3.950083955509563e-46,20,0.0042962450901588775,mul,TRASH_BROAD_GRAMMAR,false
20,233,7.93223285058304e-46,(5 * exp((pi)^3 + 2))^-3,7.9388664415907e-46,20,0.0008362829398248872,pow,TRASH_BROAD_GRAMMAR,false
20,234,1.0375354800909218e-44,((exp(4 * e))^3 * pi)^-3,1.021639418101287e-44,20,0.01532098159018309,pow,TRASH_BROAD_GRAMMAR,false
20,235,3.6964591590852815e-45,(2)/(((((((1/5)^2)^2)^2)^2)^2)^-2),3.689348814741937e-45,15,0.0019235554992859765,div,TRASH_BROAD_GRAMMAR,false
20,236,6.458567895004864e-46,((((((1/3)^2)/(2))^2)^2)^3)^3,6.4593648560515705e-46,14,0.00012339593849013987,pow,TRASH_BROAD_GRAMMAR,false
20,237,1.1258490435146287e-45,((((((1/5)^2)^2)^2)^2)^2)^2 * 3/5,1.1068046444225807e-45,16,0.016915588463437294,mul,TRASH_BROAD_GRAMMAR,false
20,238,2.436606501053989e-46,(exp((pi)^3 + 4) + pi)^-3,2.4598103090445416e-46,20,0.009523001756958143,pow,TRASH_BROAD_GRAMMAR,false
20,239,1.3300260665736217e-45,((((alpha * pi)^3)^3)^3)/(4),1.3379826120802813e-45,19,0.005982247796960141,div,TRASH_BROAD_GRAMMAR,false
20,240,4.878401067748756e-45,((((((3)^2)^2)^2)^-2)^2 * pi)^3,4.873143103985386e-45,15,0.0010778047336310456,pow,TRASH_BROAD_GRAMMAR,false
20,241,1.1681519898081833e-45,((exp(2))-((e)^2))^3 * 5/3,1.167748720270681e-45,19,0.00034522009209483656,mul,TRASH_BROAD_GRAMMAR,false
20,242,8.712636848062186e-45,((((2 * alpha)^-2)^-2)^2)^3,8.723440543400765e-45,15,0.0012400029436532556,pow,TRASH_BROAD_GRAMMAR,false
20,243,4.980732630256275e-46,(((exp((5)^2))^2 * 5)^-2)/(3),4.9601013013611126e-46,20,0.004142227745740458,div,TRASH_BROAD_GRAMMAR,false
20,244,2.8472911018090537e-46,(((((3)-(pi))^2)^3)^3)^3 * 2,2.86568814479032e-46,18,0.006461244152232197,mul,TRASH_BROAD_GRAMMAR,false
20,245,3.292201582109513e-45,(2/3)/((exp((pi)^3 + 3))^3),3.293774052423474e-45,19,0.0004776348819301464,div,TRASH_BROAD_GRAMMAR,false
20,246,2.8617918612865372e-46,(((((3)-(pi))^2)^3)^3)^3 * 2,2.86568814479032e-46,18,0.001361483885844628,mul,TRASH_BROAD_GRAMMAR,false
20,247,4.678326179012223e-46,(((exp(2))-((e)^2))^3)/(3/2),4.670994881082723e-46,18,0.001567077123093516,div,TRASH_BROAD_GRAMMAR,false
20,248,1.903853821873628e-46,((((1 + e)^3)^-3)^3)^3 * 3,1.902806454008237e-46,19,0.0005501304004318655,mul,TRASH_BROAD_GRAMMAR,false
20,249,7.319231930859795e-45,(((((1 + pi)^-3)^2)^2)^3)^2 * 2,7.327882875541531e-45,18,0.0011819470626776602,mul,TRASH_BROAD_GRAMMAR,false
20,250,1.2787878555885018e-45,((((1/3)/(mp/me))^2)^3)^2,1.281266500781827e-45,16,0.0019382770820766044,pow,TRASH_BROAD_GRAMMAR,false
20,251,5.131790171122508e-46,((((3 * alpha)^3)^3)^3)/(3),5.135899547649261e-46,18,0.0008007686186931155,div,TRASH_BROAD_GRAMMAR,false
20,252,1.9217895291079347e-45,(((exp((pi)^2 + 3))^2)^-2)^2,1.933813530749018e-45,15,0.00625666934852355,pow,TRASH_BROAD_GRAMMAR,false
20,253,2.8529828624925475e-45,((4 * exp(5 * pi))^-2)^3,2.859890708581541e-45,20,0.002421271497915049,pow,TRASH_BROAD_GRAMMAR,false
20,254,1.141766374482545e-44,(((5/2 * mp/me)^-3)^2)^2,1.1423900821956253e-44,19,0.0005462656170470099,pow,TRASH_BROAD_GRAMMAR,false
20,255,1.0791637807872545e-44,(((alpha * pi)^3)^3)^3 * 2,1.070386089664225e-44,18,0.008133789587180234,mul,TRASH_BROAD_GRAMMAR,false
20,256,2.225959028342949e-45,((exp((e)-((e)^3)))^2)^3 * 4,2.223523227939899e-45,20,0.0010942700975333343,mul,TRASH_BROAD_GRAMMAR,false
30,1,1.1549536898639945e-45,((((3)^-3)^-3 * 5)^3)^-3,1.1546445996689741e-45,19,0.00026762128883004994,pow,TRASH_BROAD_GRAMMAR,false
30,2,1.6071702871314295e-44,(((alpha * pi)^3)^3)^3 * 3,1.6055791344963377e-44,18,0.0009900336310546213,mul,TRASH_BROAD_GRAMMAR,false
30,3,1.8714554696405263e-45,(5 + exp((1/4 + 3)^3))^-3,1.881283364672823e-45,21,0.005251471483948514,pow,TRASH_BROAD_GRAMMAR,false
30,4,6.943231774669741e-45,(3)/((exp((1/4)/(alpha)))^3),6.944445701347555e-45,18,0.00017483597224025985,div,TRASH_BROAD_GRAMMAR,false
30,5,1.2831276472986659e-44,(4)/((exp((pi)^3 + pi))^3),1.2923088841278925e-44,19,0.007155357339977521,div,TRASH_BROAD_GRAMMAR,false
30,6,1.4107297519635371e-44,(((2/5)/(((pi)^3)^3))^3)^3,1.4105881584538104e-44,17,0.00010036898245721992,pow,TRASH_BROAD_GRAMMAR,false
30,7,6.535926287514747e-45,5 * alpha^21 * exp((-3)*alpha),6.545371863435018e-45,25,0.0014451778531092607,alpha_exp_family,SIBLING_SHARED_ALPHA21,false
30,8,8.791070224053722e-45,(exp((pi)^3 + pi))^-3 * e,8.78214939120259e-45,19,0.0010147607314890507,mul,TRASH_BROAD_GRAMMAR,false
30,9,5.120162421464113e-45,(4)/((((3 * mp/me)^3)^2)^2),5.12506600312732e-45,21,0.0009577004125202642,div,TRASH_BROAD_GRAMMAR,false
30,10,1.412727072461089e-44,(((2/5)/(((pi)^3)^3))^3)^3,1.4105881584538104e-44,17,0.0015140320087109337,pow,TRASH_BROAD_GRAMMAR,false
30,11,1.1635187417635144e-45,((e)^2)/(((((((3)^2)^2)^2)^2)^2)^3),1.161310922454068e-45,15,0.0018975365245084465,div,TRASH_BROAD_GRAMMAR,false
30,12,2.181562859353305e-45,5/3 * alpha^21 * exp((-3)*alpha),2.1817906211450063e-45,26,0.00010440303873199996,alpha_exp_family,SIBLING_SHARED_ALPHA21,false
30,13,4.8108061801297614e-46,((((2)/((((pi)^3)^2)^2))^2)^2)^2,4.80675721298054e-46,14,0.0008416400490098723,pow,TRASH_BROAD_GRAMMAR,false
30,14,2.4224607725174274e-45,(3/4)/((exp((pi)^3 + pi))^3),2.4230791577397984e-45,20,0.0002552715112609905,div,TRASH_BROAD_GRAMMAR,false
30,15,3.1226439902211784e-45,(1 + exp(4 * e * pi))^-3,3.1252632281509244e-45,21,0.0008387885195841603,pow,TRASH_BROAD_GRAMMAR,false
30,16,1.978016652946469e-46,((((2/3 + 3)^-3)^3)^3)^3,1.9679503372510285e-46,17,0.005089095524269432,pow,TRASH_BROAD_GRAMMAR,false
30,17,1.7848902294664108e-45,4/3 * alpha^21,1.7840649347327815e-45,15,0.0004623784252973433,alpha_family,SIBLING_PRE_EXP_TRUNCATION,false
30,18,7.275297967276395e-46,((((2 + 5)^-2)^3)^3)^3 * pi,7.275380503588569e-46,20,1.134473289549006e-5,mul,TRASH_BROAD_GRAMMAR,false
30,19,1.3955124427749496e-44,(5)/(((3 * exp((4)^2))^2)^3),1.3930676699141373e-44,20,0.0017518818076254,div,TRASH_BROAD_GRAMMAR,false
30,20,2.0714294191930774e-46,((((pi)^3)^3 * 4)^-3)^3,2.052675930395794e-46,17,0.009053404679648094,pow,TRASH_BROAD_GRAMMAR,false
30,21,9.389226455488126e-46,(exp((1/4 + 3)^3))^-3 * 1/2,9.406416823364291e-46,20,0.0018308609295622238,mul,TRASH_BROAD_GRAMMAR,false
30,22,1.1281420727110122e-44,(e)/(((exp((5)^2))^2 * 3)^2),1.1235794362338312e-44,18,0.004044381100171767,div,TRASH_BROAD_GRAMMAR,false
30,23,5.874038660456768e-45,((((mtau/me)^-3)/(e))^2)^2,5.861665857081411e-45,17,0.0021063537525977697,pow,TRASH_BROAD_GRAMMAR,false
30,24,1.5795569627456903e-44,(exp(((pi)-(3))^-2))^-2 * 1/3,1.5792395128150108e-44,18,0.00020097403143206044,mul,TRASH_BROAD_GRAMMAR,false
30,25,4.806072463228433e-45,(((alpha)^2 * 1/5)^3)^3 * e,4.7922600294020895e-45,18,0.0028739545506280277,mul,TRASH_BROAD_GRAMMAR,false
30,26,2.4615435208940228e-45,(((((((5)^-2)^2)^2)^2)^2)^2)/(3/4),2.4595658764946238e-45,17,0.0008034163859433789,div,TRASH_BROAD_GRAMMAR,false
30,27,2.461691726631582e-46,((exp((3)^3))^-2 * pi)^2 * 2,2.4633475805379126e-46,19,0.0006726487676815488,mul,TRASH_BROAD_GRAMMAR,false
30,28,9.453242468349333e-46,(exp((1)-(3 * 4) * pi))^3,9.453232147920063e-46,20,1.0917343234171764e-6,pow,TRASH_BROAD_GRAMMAR,true
30,29,1.6418607460256443e-44,((3)^2)/((exp((e + pi)^2))^3),1.6430952867697878e-44,18,0.0007519156220354763,div,TRASH_BROAD_GRAMMAR,false
30,30,1.1453423643791628e-45,(3)/(((exp((5)^2) * pi)^2)^2),1.145707018677222e-45,18,0.0003183801712047714,div,TRASH_BROAD_GRAMMAR,false
30,31,1.3158131225441024e-45,5/5 * alpha^21 * exp((-5/2)*alpha),1.3138594856609543e-45,29,0.0014847373458100068,alpha_exp_family,SIBLING_SHARED_ALPHA21,false
30,32,6.600370105882219e-45,5 * alpha^21 * exp((-2)*alpha),6.593310449268124e-45,25,0.0010695849627892155,alpha_exp_family,SIBLING_SHARED_ALPHA21,false
30,33,1.0663688703035604e-45,4/5 * alpha^21 * exp((-1/2)*alpha),1.0665403922216107e-45,27,0.00016084670401288277,alpha_exp_family,SIBLING_SHARED_ALPHA21,false
30,34,8.246907809606083e-46,((((5)^3 * e)^3)^-3)^2 * 3,8.23076773237776e-46,20,0.001957106542348225,mul,TRASH_BROAD_GRAMMAR,false
30,35,1.2253877017879754e-44,((exp((e)^3 * 5/3))^-3)/(2),1.2127764225891765e-44,21,0.010291664573096061,div,TRASH_BROAD_GRAMMAR,false
30,36,7.838357374870898e-45,(5)/((exp((3)^3 + (e)^2))^3),7.834983738993173e-45,20,0.00043040087564021734,div,TRASH_BROAD_GRAMMAR,false
30,37,1.6800870195041836e-44,(((alpha * pi)^3)^3)^3 * pi,1.6813585378969175e-44,18,0.000756816985056628,mul,TRASH_BROAD_GRAMMAR,false
30,38,2.2792276631167416e-45,5/3 * alpha^21 * exp((3)*alpha),2.2794405519598378e-45,26,9.340393965078616e-5,alpha_exp_family,SIBLING_SHARED_ALPHA21,false
30,39,2.156563579403361e-46,(3)/((exp((3 + e)^2 + e))^3),2.152090880153229e-46,21,0.002073993687387291,div,TRASH_BROAD_GRAMMAR,false
30,40,5.981471983064249e-46,((exp((1/4 + 3)^3))^-3)/(pi),5.988310936884763e-46,20,0.001143356324309007,div,TRASH_BROAD_GRAMMAR,false
30,41,2.921562181413435e-45,((((2 * alpha)^2)^2)^3)^2 * 1/3,2.907813514466928e-45,17,0.004705929941855963,mul,TRASH_BROAD_GRAMMAR,false
30,42,1.9446966240593868e-46,((((3)/(exp((pi)^2)))^2)^2)^3,1.948400790506704e-46,15,0.0019047528552732285,pow,TRASH_BROAD_GRAMMAR,false
30,43,2.5414300888230133e-46,((((alpha)^2 * e)^3)^2)^2 * 3,2.5387675990413613e-46,17,0.0010476344768882103,mul,TRASH_BROAD_GRAMMAR,false
30,44,2.417033802341915e-46,(2)/(((exp((2 + pi)^2))^2)^2),2.3825263028158322e-46,17,0.01427679641577523,div,TRASH_BROAD_GRAMMAR,false
30,45,3.494214417514351e-45,((((e)/((5)^3))^3)^3)^3 * e,3.496835013644038e-45,20,0.0007499814884145686,mul,TRASH_BROAD_GRAMMAR,false
30,46,8.920219690830909e-45,((exp((e)^3 * 5/3))^-3)/(e),8.923110252160146e-45,21,0.00032404597974282253,div,TRASH_BROAD_GRAMMAR,false
30,47,2.9124145942863408e-46,((4 * exp((5)^2))^2)^-2 * 2,2.9063093562662774e-46,20,0.0020962805336990123,mul,TRASH_BROAD_GRAMMAR,false
30,48,5.838963754038997e-46,((((((1/3)^2)^2)^2)^2)^2)^3 * 1 + e,5.8438875579478665e-46,17,0.0008432667364074127,mul,TRASH_BROAD_GRAMMAR,false
30,49,1.0800192933150413e-44,(((alpha * pi)^3)^3)^3 * 2,1.070386089664225e-44,18,0.00891947367092657,mul,TRASH_BROAD_GRAMMAR,false
30,50,1.1663692264903151e-45,((exp(2))-((e)^2))^3 * 5/3,1.167748720270681e-45,19,0.001182724774483991,mul,TRASH_BROAD_GRAMMAR,false
30,51,8.912729130252355e-45,((exp((e)^3 * 5/3))^-3)/(e),8.923110252160146e-45,21,0.0011647523172845686,div,TRASH_BROAD_GRAMMAR,false
30,52,5.656047997635633e-45,((((3 * 5)^3)^3 * 3)^-2)^2,5.652357927385393e-45,19,0.0006524114101899329,pow,TRASH_BROAD_GRAMMAR,false
30,53,1.1401462220718053e-45,(e)/((((exp(5))^2 * 5)^3)^3),1.1404101436394216e-45,21,0.00023148045619679627,div,TRASH_BROAD_GRAMMAR,false
30,54,1.0389764891568209e-45,4/5 * alpha^21 * exp((-4)*alpha),1.039645092650594e-45,28,0.0006435212930715308,alpha_exp_family,SIBLING_SHARED_ALPHA21,false
30,55,1.7877861600497952e-46,((((exp(5))/(3))^-3)^3)^3,1.7886230388100725e-46,18,0.0004681089824825466,pow,TRASH_BROAD_GRAMMAR,false
30,56,1.7334986537480716e-44,(3)/(((((4)^2 * e)^3)^3)^3),1.7375235979734382e-44,19,0.0023218617543567287,div,TRASH_BROAD_GRAMMAR,false
30,57,1.7922109369980877e-45,(((((1/4)^2)^2)^2)^3)^3 * (1/5)^2,1.7936620343357662e-45,17,0.0008096688329048168,mul,TRASH_BROAD_GRAMMAR,false
30,58,6.143282681479677e-45,(((((5)^-3 * 3)^3)^3)^3)/(3),6.145854459726111e-45,21,0.00041863257476119724,div,TRASH_BROAD_GRAMMAR,false
30,59,1.5924519656159248e-45,(2)/((((mtau/me)^2 * e)^3)^2),1.5865804180129888e-45,20,0.003687111278527634,div,TRASH_BROAD_GRAMMAR,false
30,60,6.619169626737085e-45,5 * alpha^21 * exp((-3/2)*alpha),6.617411246006906e-45,26,0.00026564974601586965,alpha_exp_family,SIBLING_SHARED_ALPHA21,false
30,61,2.081139966915765e-45,3/2 * alpha^21 * exp((5)*alpha),2.08165703998312e-45,26,0.00024845665143865143,alpha_exp_family,SIBLING_SHARED_ALPHA21,false
30,62,7.833741494624107e-46,(((((4 + e)^3)^3)^-3)^2)/(e),7.829999403222486e-46,20,0.0004776889056384464,div,TRASH_BROAD_GRAMMAR,false
30,63,1.3538912079052238e-44,(((3)/(((4)^3)^3))^3)^3 * 4,1.346765511391864e-44,21,0.00526312341180273,mul,TRASH_BROAD_GRAMMAR,false
30,64,4.299674482320482e-46,(4)/((((alpha * e)^-3)^3)^3),4.300063815769074e-46,20,9.054951722341983e-5,div,TRASH_BROAD_GRAMMAR,false
30,65,7.17390810387115e-45,((((3 * 5)^2)^3 * 2)^3)^-2,7.153765501847139e-45,19,0.0028077585790570844,pow,TRASH_BROAD_GRAMMAR,false
30,66,5.8813287713622614e-46,(((alpha)^2 * 1/5)^3)^3 * 1/3,5.876579805215601e-46,18,0.0008074648317203655,mul,TRASH_BROAD_GRAMMAR,false
30,67,1.9884015962344307e-45,(((exp(3 + e))^2)^3)^-3,1.9882528185733235e-45,16,7.482274274418762e-5,pow,TRASH_BROAD_GRAMMAR,false
30,68,2.0983130430407635e-46,((((alpha)/(e))^3)^2)^3 * 4,2.0976607359754912e-46,18,0.00031087213961507706,mul,TRASH_BROAD_GRAMMAR,false
30,69,4.313015678000564e-46,(((exp((3)^3))/(4))^2 * e)^-2,4.323614413374802e-46,20,0.002457383920095544,pow,TRASH_BROAD_GRAMMAR,false
30,70,1.85302245024084e-45,(e * exp((5)^2 * 4/3))^-3,1.852116769518002e-45,21,0.0004887586346945617,pow,TRASH_BROAD_GRAMMAR,false
30,71,4.7967323539324966e-46,(((3/2)/((exp(4))^3))^3)^3,4.7975254354522745e-46,18,0.00016533787196356807,pow,TRASH_BROAD_GRAMMAR,false
30,72,2.7853934628231874e-46,1/5 * alpha^21 * exp((5)*alpha),2.7755427199774932e-46,26,0.0035365713954501154,alpha_exp_family,SIBLING_SHARED_ALPHA21,false
30,73,3.225085440813665e-45,5/2 * alpha^21 * exp((-5)*alpha),3.225268905958333e-45,27,5.688690983083888e-5,alpha_exp_family,SIBLING_SHARED_ALPHA21,false
30,74,2.3200645665583245e-45,((4)/((exp((5)^2))^-2))^-2,2.325047485013021e-45,17,0.0021477499059814283,pow,TRASH_BROAD_GRAMMAR,false
30,75,2.3774624827436897e-46,(((exp(1/2))^2)-(e))^3 * e,2.3807025948885723e-46,17,0.0013628447003476622,mul,TRASH_BROAD_GRAMMAR,false
30,76,8.508140603988889e-45,(4)/(((((4 + e)^3)^2)^3)^3),8.513658037849938e-45,20,0.0006484887965370477,div,TRASH_BROAD_GRAMMAR,false
30,77,8.978603020983046e-46,(5)/(((exp((5)^2 + 4/3))^2)^2),8.980170392741183e-46,21,0.00017456744155789903,div,TRASH_BROAD_GRAMMAR,false
30,78,9.070857384110601e-45,(exp((e)-(exp(e)) * e))^3,9.050594601489818e-45,19,0.002233833226865325,pow,TRASH_BROAD_GRAMMAR,false
30,79,3.32728385285731e-45,5/2 * alpha^21 * exp((-1/2)*alpha),3.332938725692533e-45,26,0.0016995462621460847,alpha_exp_family,SIBLING_SHARED_ALPHA21,false
30,80,3.8078113614139836e-46,((exp((5)^2) * pi)^-2)^2,3.819023395590739e-46,15,0.0029444825682204425,pow,TRASH_BROAD_GRAMMAR,false
30,81,5.180881357895839e-45,((exp(2))-((e)^2))^3 * (e)^2,5.1771364821207214e-45,18,0.0007228260051564522,mul,TRASH_BROAD_GRAMMAR,false
30,82,4.1520113309942844e-46,((((((((2/3)^2)^2)^2)^2)^2)^2)^2)^2 * 1/2,4.1649298030870535e-46,16,0.003111376887710835,mul,TRASH_BROAD_GRAMMAR,false
30,83,1.606772402733571e-44,(((alpha * pi)^3)^3)^3 * 3,1.6055791344963377e-44,18,0.0007426491986065876,mul,TRASH_BROAD_GRAMMAR,false
30,84,8.936591069475415e-45,(2 * exp(exp(1/2 + 3)))^-3,8.939965829506674e-45,20,0.0003776339327851371,pow,TRASH_BROAD_GRAMMAR,false
30,85,3.035411073036028e-45,(((3)/(exp((3)^3)))^2)^2 * 3,3.032509904878472e-45,18,0.0009557743869776937,mul,TRASH_BROAD_GRAMMAR,false
30,86,6.775045623825026e-45,(5)/(((5 * exp((pi)^2))^3)^3),6.78277476398972e-45,21,0.0011408248141552295,div,TRASH_BROAD_GRAMMAR,false
30,87,2.845176500184011e-45,(e)/((exp(exp(2/5 + pi)))^3),2.859820367851137e-45,21,0.005146910100719222,div,TRASH_BROAD_GRAMMAR,false
30,88,2.642211655130106e-46,1/5 * alpha^21 * exp((-3/2)*alpha),2.646964498402763e-46,26,0.0017988124696326382,alpha_exp_family,SIBLING_SHARED_ALPHA21,false
30,89,7.992163903668099e-46,(((2)/((((e)^3)^3)^2))^2)^3,7.986857362642941e-46,15,0.0006639679927888495,pow,TRASH_BROAD_GRAMMAR,false
30,90,8.801027670315612e-46,((e)/((exp((2 + pi)^2))^2))^2,8.802310254342007e-46,17,0.00014573116622739726,pow,TRASH_BROAD_GRAMMAR,false
30,91,2.5026225493412595e-46,((e)^3)/(((exp((1/3)^-3))^2)^2),2.5065674758999165e-46,17,0.0015763170357813085,div,TRASH_BROAD_GRAMMAR,false
30,92,2.431031957822347e-46,(5 + exp((pi)^3 + 4))^-3,2.459810309044534e-46,21,0.011837915634793134,pow,TRASH_BROAD_GRAMMAR,false
30,93,2.847393033330373e-45,(e)/((exp(exp(2/5 + pi)))^3),2.859820367851137e-45,21,0.004364460534704707,div,TRASH_BROAD_GRAMMAR,false
30,94,1.022120535949611e-45,3/4 * alpha^21 * exp((5/2)*alpha),1.0220124445879084e-45,28,0.00010575206925284272,alpha_exp_family,SIBLING_SHARED_ALPHA21,false
30,95,4.299948439315215e-46,(4)/((((alpha * e)^-3)^3)^3),4.300063815769074e-46,20,2.6832055194884582e-5,div,TRASH_BROAD_GRAMMAR,false
30,96,4.7672243425750466e-45,(((3 * exp(e))^-3)^3)^3 * e,4.759716093771406e-45,21,0.001574972827812188,mul,TRASH_BROAD_GRAMMAR,false
30,97,2.3114216257089537e-46,((((2 + 5)^-2)^3)^3)^3,2.315825540041047e-46,16,0.0019052838664787215,pow,TRASH_BROAD_GRAMMAR,false
30,98,1.27961732886167e-45,((((1/3)/(mp/me))^2)^3)^2,1.281266500781827e-45,16,0.0012888008648835403,pow,TRASH_BROAD_GRAMMAR,false
30,99,5.28481257470612e-46,2/5 * alpha^21 * exp((-3/2)*alpha),5.293928996805526e-46,27,0.0017250227837858274,alpha_exp_family,SIBLING_SHARED_ALPHA21,false
30,100,3.7391509163732894e-46,(pi)/(((exp((2 + pi)^2))^2)^2),3.7424635649553344e-46,17,0.0008859360470152027,div,TRASH_BROAD_GRAMMAR,false
30,101,1.9941605600257588e-46,((((1 + e)^3)^3)^3)^-3 * pi,1.992614259038507e-46,19,0.0007754144868012688,mul,TRASH_BROAD_GRAMMAR,false
30,102,2.3354568827424145e-45,(alpha)/((((mtau/me)^2)^2)^3),2.3354163435033942e-45,17,1.7358162045226418e-5,div,TRASH_BROAD_GRAMMAR,false
30,103,5.409994109298685e-45,4 * alpha^21 * exp((3/2)*alpha),5.411101894145802e-45,26,0.0002047663684537071,alpha_exp_family,SIBLING_SHARED_ALPHA21,false
30,104,6.1154177209917925e-46,((((4)^3 + 1 * 5)^-3)^3)^2,6.110820155171193e-46,20,0.000751799146085795,pow,TRASH_BROAD_GRAMMAR,false
30,105,5.669058577684862e-45,((((3 * 5)^3)^3 * 3)^-2)^2,5.652357927385393e-45,19,0.00294593009943623,pow,TRASH_BROAD_GRAMMAR,false
30,106,3.9843671058946456e-45,3 * alpha^21 * exp((-1)*alpha),3.984960083622894e-45,23,0.0001488260776401245,alpha_exp_family,SIBLING_SHARED_ALPHA21,false
30,107,1.7399896125155942e-44,((((4)^2 * e)^3)^3)^-3 * 3,1.7375235979734384e-44,20,0.0014172581976455076,mul,TRASH_BROAD_GRAMMAR,false
30,108,1.6873322378733594e-45,(((((((1/5)^2)^2)^2)^2)^2)^2)-(((((((1/3)^2)^2)^2)^3)^2)^2),1.6875080647548748e-45,21,0.00010420406696964188,sub,TRASH_BROAD_GRAMMAR,false
30,109,9.863128011665578e-45,(2)/((exp((pi)^3 + 3))^3),9.881322157270423e-45,18,0.0018446628273834998,div,TRASH_BROAD_GRAMMAR,false
30,110,1.262677021126362e-44,((((3/2 + 5)^-3)^3)^2)^3,1.266714498154342e-44,17,0.0031975532621781686,pow,TRASH_BROAD_GRAMMAR,false
30,111,3.8266894216537185e-45,(exp((pi)^3 + e))^-3 * 1/3,3.8345089020497404e-45,19,0.002043406070995622,mul,TRASH_BROAD_GRAMMAR,false
30,112,1.324328635589906e-44,(exp((e)^2 + 5 * e))^-3,1.3269802808459347e-44,19,0.0020022562261124022,pow,TRASH_BROAD_GRAMMAR,false
30,113,2.9348975032603513e-46,(e)/((((alpha * e)^3)^3)^-3),2.9221963329048346e-46,19,0.004327636771439939,div,TRASH_BROAD_GRAMMAR,false
30,114,5.689503273492365e-46,((((3)/(alpha))^2)^-3 * 4)^3,5.688179870517514e-46,19,0.0002326043085372472,pow,TRASH_BROAD_GRAMMAR,false
30,115,9.10124699389006e-46,((e * pi)/((exp((3)^3))^2))^2,9.100906731879855e-46,18,3.738630656148186e-5,pow,TRASH_BROAD_GRAMMAR,false
30,116,1.754133216610914e-45,4/3 * alpha^21 * exp((-5/2)*alpha),1.751812647547939e-45,28,0.0013229149536649759,alpha_exp_family,CANONICAL_G,false
30,117,5.595116197167308e-46,((e * exp((4)^2))^3 * 3)^-2,5.593972620849987e-46,20,0.0002043883052687423,pow,TRASH_BROAD_GRAMMAR,false
30,118,3.023583169508693e-45,(2 * exp((e)^3 * 5/3))^-3,3.031941056472941e-45,21,0.0027642325332848266,pow,TRASH_BROAD_GRAMMAR,false
30,119,7.3178661800915e-45,((((5)^2)^3 * 3)^3 * 5)^-3,7.321810093779194e-45,21,0.0005389431277691318,pow,TRASH_BROAD_GRAMMAR,false
30,120,3.7732458212097554e-45,(exp((5)^2 * 2) * pi)^-2,3.7692250112985615e-45,18,0.0010656103794225407,pow,TRASH_BROAD_GRAMMAR,false
30,121,8.834657696447706e-46,((((((1/3)^2)^2)^2)^2 * 4/3)^3)^2,8.830635656454272e-46,16,0.00045525702654569585,pow,TRASH_BROAD_GRAMMAR,false
30,122,3.481048823227955e-45,(((3 * mp/me)^-3)^2)^2 * e,3.482843446488555e-45,21,0.0005155409624320343,mul,TRASH_BROAD_GRAMMAR,false
30,123,3.0508294276238326e-46,((exp((3)^3))^-2 * 3)^2 * e,3.0530431737234137e-46,19,0.0007256210653852684,mul,TRASH_BROAD_GRAMMAR,false
30,124,1.4814089381597748e-44,((exp((4)^2))^-2)^3 * alpha,1.482159926086135e-44,17,0.0005069416735752778,mul,TRASH_BROAD_GRAMMAR,false
30,125,2.1603045843658174e-46,(3)/((exp((3 + e)^2 + e))^3),2.152090880153229e-46,21,0.0038021046995091673,div,TRASH_BROAD_GRAMMAR,false
30,126,1.1513849533654482e-44,(5/5)/((exp((pi)^3 + e))^3),1.1503526706149223e-44,21,0.000896557443719057,div,TRASH_BROAD_GRAMMAR,false
30,127,9.932546731787573e-45,(5)/((((exp(3 + e))^3)^2)^3),9.941264092866612e-45,20,0.0008776561857131976,div,TRASH_BROAD_GRAMMAR,false
30,128,9.15940719828288e-45,((((4)^3)^-3 * 3)^3)^3 * e,9.152220542029643e-45,21,0.0007846202377140844,mul,TRASH_BROAD_GRAMMAR,false
30,129,1.2598383568941732e-44,((((3/2 + 5)^-3)^3)^2)^3,1.266714498154342e-44,17,0.005457955159517756,pow,TRASH_BROAD_GRAMMAR,false
30,130,5.0850660161595066e-46,(((pi)^3 * mtau/me)^-3)^3,5.079870913810076e-46,19,0.0010216391159762878,pow,TRASH_BROAD_GRAMMAR,false
30,131,2.0826471087025476e-46,((((((1/3)^2)^2)^2)^2)^2)^3 * 4/3,2.0955512348812385e-46,16,0.006196021459790178,mul,TRASH_BROAD_GRAMMAR,false
30,132,4.098558155854424e-46,(5/3)/((exp((pi)^3 + 4))^3),4.099683848407595e-46,21,0.00027465574730532293,div,TRASH_BROAD_GRAMMAR,false
30,133,4.0618673567641165e-46,(((((pi)-(((3)^2)^2))^2)^2)^-2)^3,4.061323877987701e-46,15,0.00013380022750148098,pow,TRASH_BROAD_GRAMMAR,false
30,134,1.74006211483404e-45,((((2 * alpha)^2)^3)^2)^2 * 1/5,1.7446881086801566e-45,18,0.0026585222485334455,mul,TRASH_BROAD_GRAMMAR,false
30,135,5.354967530200679e-46,2/5 * alpha^21,5.3521948041983455e-46,15,0.000517785773059551,alpha_family,SIBLING_PRE_EXP_TRUNCATION,false
30,136,9.073805604396351e-45,(((5)/(((4 * 5)^3)^3))^2)^2,9.094947017729284e-45,20,0.002329938975405158,pow,TRASH_BROAD_GRAMMAR,false
30,137,3.557943554940274e-45,(5 * exp((pi)^3 + 3/2))^-3,3.5579530962150684e-45,21,2.681682451438737e-6,pow,TRASH_BROAD_GRAMMAR,false
30,138,3.2481847737443216e-45,5/2 * alpha^21 * exp((-4)*alpha),3.2488909145331056e-45,27,0.00021739551102259582,alpha_exp_family,SIBLING_SHARED_ALPHA21,false
30,139,9.280574976212761e-46,((exp((e)-(4 * 5)))^2)^3,9.28690411859546e-46,19,0.0006819773989133999,pow,TRASH_BROAD_GRAMMAR,false
30,140,3.578017035225023e-46,((exp((2 + pi)^2))^2)^-2 * 3,3.573789454223748e-46,18,0.0011815430054286848,mul,TRASH_BROAD_GRAMMAR,false
30,141,1.3566516800468302e-44,(((((3)-(e))^3)^3)^3)^3 * 5,1.3613623785887113e-44,20,0.003472297724732434,mul,TRASH_BROAD_GRAMMAR,false
30,142,1.86493494379925e-46,(((((((1/5)^2)^2)^2)^2)^2)^2)/((pi)^2),1.8690459438955443e-46,15,0.0022043664900820866,div,TRASH_BROAD_GRAMMAR,false
30,143,4.9152528719168955e-46,(exp((pi)^3 + 4))^-3 * 2,4.9196206180891135e-46,20,0.0008886106749813398,mul,TRASH_BROAD_GRAMMAR,false
30,144,2.825046925437939e-45,(3/2)/((exp((1/4 + 3)^3))^3),2.821925047009288e-45,20,0.0011050713531659978,div,TRASH_BROAD_GRAMMAR,false
30,145,1.2172458983743039e-45,(exp((e + pi)^2))^-3 * 2/3,1.2171076198294724e-45,19,0.00011359951593689677,mul,TRASH_BROAD_GRAMMAR,false
30,146,7.726044520677718e-45,(4/3)/(((((4)^2 * e)^3)^3)^3),7.72232710210417e-45,21,0.0004811541745066683,div,TRASH_BROAD_GRAMMAR,false
30,147,8.663062173050995e-46,2/3 * alpha^21 * exp((-4)*alpha),8.663709105421614e-46,26,7.467710120230574e-5,alpha_exp_family,SIBLING_SHARED_ALPHA21,false
30,148,1.9750106194461094e-45,(2/5)/((exp((pi)^3 + 3))^3),1.9762644314540846e-45,20,0.0006348381095422997,div,TRASH_BROAD_GRAMMAR,false
30,149,4.604395563377851e-45,(exp((pi)^3 + e))^-3 * 2/5,4.6014106824596894e-45,21,0.0006482676992182898,mul,TRASH_BROAD_GRAMMAR,false
30,150,1.2960348170049248e-45,1 * alpha^21 * exp((-4)*alpha),1.2995563658132423e-45,24,0.0027171714541246667,alpha_exp_family,SIBLING_SHARED_ALPHA21,false
30,151,2.872379188895384e-45,(((mmu/me)^3 * 3)^-2)^3,2.874497253062544e-45,18,0.0007373901660854351,pow,TRASH_BROAD_GRAMMAR,false
30,152,1.712864607327718e-45,((((2 + 5)^3)^3)^-3 * e)^2,1.7111764830699726e-45,20,0.0009855561557658963,pow,TRASH_BROAD_GRAMMAR,false
30,153,3.3844616969143272e-46,((((alpha)^2 * e)^2)^2)^3 * 4,3.3850234653884815e-46,18,0.00016598458616517975,mul,TRASH_BROAD_GRAMMAR,false
30,154,8.47461066270926e-46,(((((5)/(alpha))^2)^2)^2)^-2 * 2,8.475302329960135e-46,18,8.161640438746787e-5,mul,TRASH_BROAD_GRAMMAR,false
30,155,1.3735768862359136e-45,((((5)^3 * e)^3)^-3)^2 * 5,1.37179462206296e-45,21,0.0012975350639726658,mul,TRASH_BROAD_GRAMMAR,false
30,156,6.493550710555878e-46,1/2 * alpha^21 * exp((-4)*alpha),6.4977818290662115e-46,25,0.0006515878136526572,alpha_exp_family,SIBLING_SHARED_ALPHA21,false
30,157,2.773088540565719e-45,((((4)^3)^-3 * e)^3)^3 * 2,2.7721775058609587e-45,21,0.00032852708863540084,mul,TRASH_BROAD_GRAMMAR,false
30,158,4.089491540539331e-45,3 * alpha^21 * exp((5/2)*alpha),4.088049778351634e-45,26,0.0003525529209206391,alpha_exp_family,SIBLING_SHARED_ALPHA21,false
30,159,1.3877756993589214e-44,(exp(5 * pi * pi) * pi)^-2,1.388522606881442e-44,21,0.0005382047854459792,pow,TRASH_BROAD_GRAMMAR,false
30,160,2.884973955696365e-46,(exp(pi))/(((exp((3)^3))^2)^2),2.8878345520432668e-46,17,0.000991550145974004,div,TRASH_BROAD_GRAMMAR,false
30,161,1.1547339266317194e-44,((((4)^2 * e)^-3)^3)^3 * 2,1.1583490653156256e-44,20,0.003130711413711801,mul,TRASH_BROAD_GRAMMAR,false
30,162,4.525993232469377e-46,1/3 * alpha^21 * exp((2)*alpha),4.52573442975883e-46,24,5.718141792394977e-5,alpha_exp_family,SIBLING_SHARED_ALPHA21,false
30,163,3.0562272925515517e-46,((exp((3)^3))^-2 * 3)^2 * e,3.0530431737234137e-46,19,0.0010418462121250284,mul,TRASH_BROAD_GRAMMAR,false
30,164,9.293935896431099e-45,((((5)^3 * 2)^3)^3 * e)^-2,9.300169847938377e-45,20,0.0006707547347804954,pow,TRASH_BROAD_GRAMMAR,false
30,165,1.03525048890801e-44,(((3 * mp/me)^-2)^2 * 2)^3,1.0250132006254642e-44,21,0.00988870654226317,pow,TRASH_BROAD_GRAMMAR,false
30,166,4.4096504255067163e-45,((((alpha)^2 * 3)^2)^3 * 4)^2,4.421228376222087e-45,18,0.002625593776867338,pow,TRASH_BROAD_GRAMMAR,false
30,167,4.175168673021971e-45,(e * exp((3/4 + 5)^2))^-3,4.173809570089706e-45,21,0.00032552048520749917,pow,TRASH_BROAD_GRAMMAR,false
30,168,5.461791183700933e-46,2/5 * alpha^21 * exp((3)*alpha),5.470657324703611e-46,26,0.0016233028148597327,alpha_exp_family,SIBLING_SHARED_ALPHA21,false
30,169,3.997643764107035e-46,((1/2 * exp((3)^3))^-2)^2 * 2,3.993428681321444e-46,19,0.0010543917953461357,mul,TRASH_BROAD_GRAMMAR,false
30,170,5.7084113842964895e-46,(e * exp((pi)^3 + e))^-3,5.727268705906003e-46,19,0.003303427230453027,pow,TRASH_BROAD_GRAMMAR,false
30,171,5.793759334260033e-46,(5/2)/(((((3 + 4)^3)^2)^3)^3),5.789563850102638e-46,21,0.0007241384937387157,div,TRASH_BROAD_GRAMMAR,false
30,172,1.0865269637242048e-44,(1/2)/((((((exp(pi))^2)^2)^2)^2)^2),1.0937716976066177e-44,15,0.0066677902383394765,div,TRASH_BROAD_GRAMMAR,false
30,173,3.261332121413075e-45,5/2 * alpha^21 * exp((-3)*alpha),3.272685931717509e-45,26,0.0034813413297858607,alpha_exp_family,SIBLING_SHARED_ALPHA21,false
30,174,8.917237999842545e-45,((exp((e)^3 * 5/3))^-3)/(e),8.923110252160146e-45,21,0.0006585281583494822,div,TRASH_BROAD_GRAMMAR,false
30,175,1.771595156897959e-45,4/3 * alpha^21 * exp((-1)*alpha),1.771093370499064e-45,25,0.00028323987957489964,alpha_exp_family,SIBLING_LOCAL_DEFORMATION,false
30,176,2.273716668244008e-46,((exp((1)-((3)^3)))^2)^2 * 1/3,2.271185607181767e-46,17,0.0011131822612690152,mul,TRASH_BROAD_GRAMMAR,false
30,177,1.132769755648644e-44,(e)/((((e * mp/me)^3)^2)^2),1.1372481190309235e-44,20,0.003953463058090786,div,TRASH_BROAD_GRAMMAR,false
30,178,1.832136233307839e-45,4/3 * alpha^21 * exp((4)*alpha),1.836908218300683e-45,27,0.0026046016153659073,alpha_exp_family,SIBLING_LOCAL_DEFORMATION,false
30,179,1.4737192052426364e-44,((exp((4)^2))^-2)^3 * alpha,1.482159926086135e-44,17,0.005727495993450677,mul,TRASH_BROAD_GRAMMAR,false
30,180,9.601280971962379e-45,(((1 + pi)/((alpha)^2))^3)^-3,9.604383600746465e-45,17,0.00032314737930772225,pow,TRASH_BROAD_GRAMMAR,false
30,181,5.844051059759211e-45,((((1/3)/(exp((e)^2)))^2)^3)^2,5.837534502948854e-45,15,0.00111507526948707,pow,TRASH_BROAD_GRAMMAR,false
30,182,6.3128137707298775e-46,((exp((3)^2 + e))^3)^-3 * 4,6.3007721080074386e-46,21,0.001907495319800437,mul,TRASH_BROAD_GRAMMAR,false
30,183,3.546765865439591e-46,((((4)^3 + 3 * 5)^-2)^3)^3,3.541550780740373e-46,21,0.0014703774923613597,pow,TRASH_BROAD_GRAMMAR,false
30,184,9.522456283578323e-46,(1)/(((5/2 * exp((5)^2))^2)^2),9.523394498613338e-46,19,9.852657834026144e-5,div,TRASH_BROAD_GRAMMAR,false
30,185,2.5213630338589943e-45,((exp((4)^2 + 1))^-2)^3 * 1/2,2.5172876793824924e-45,19,0.0016163299063937015,mul,TRASH_BROAD_GRAMMAR,false
30,186,2.2031901164098665e-45,(pi)/(((exp(2))-(e * e))^-3),2.201154480504752e-45,21,0.0009239492724447925,div,TRASH_BROAD_GRAMMAR,false
30,187,7.317419299282455e-45,((((5)^2)^3 * 3)^3 * 5)^-3,7.321810093779194e-45,21,0.0006000468631296004,pow,TRASH_BROAD_GRAMMAR,false
30,188,7.491259089320022e-45,(((pi)^3)^2 * exp((3)^3))^-3,7.472213242836686e-45,18,0.0025424092607460747,pow,TRASH_BROAD_GRAMMAR,false
30,189,1.5362555803491135e-45,((((3)/((alpha)^-1))^3)^3)^3,1.5407698642947718e-45,15,0.0029384979969494978,pow,TRASH_BROAD_GRAMMAR,false
30,190,9.628536727126692e-46,((((((1/3)-((3)^2))^2)^2)^2)^-2)^3,9.618326689658585e-46,15,0.0010603934696890639,pow,TRASH_BROAD_GRAMMAR,false
30,191,1.846157329779018e-46,(3/4)/((exp((pi)^3 + 4))^3),1.8448577317834176e-46,21,0.0007039475859600931,div,TRASH_BROAD_GRAMMAR,false
30,192,6.197835936425674e-45,(((exp((5)^2))^-2)^2)/(1 + 5),6.20012662670139e-45,19,0.00036959517793188896,div,TRASH_BROAD_GRAMMAR,false
30,193,9.982265067197336e-45,(e)/((((((1 + pi)^2)^3)^2)^2)^3),9.959625430830423e-45,17,0.002267985894434826,div,TRASH_BROAD_GRAMMAR,false
30,194,2.0272636111541416e-46,((((alpha)^3 * 5)^2)^2)^2,2.031084276596269e-46,14,0.00188464165247468,pow,TRASH_BROAD_GRAMMAR,false
30,195,4.0645110731384546e-45,3 * alpha^21 * exp((3/2)*alpha),4.058326420609352e-45,25,0.001521622753097173,alpha_exp_family,SIBLING_SHARED_ALPHA21,false
30,196,6.43991286238352e-46,((((alpha)/(5/2))^2)^3)^3 * e,6.432062531315618e-46,19,0.001219012001506561,mul,TRASH_BROAD_GRAMMAR,false
30,197,1.0728883524085757e-45,((((e)^3)^3)^3 * mp/me)^-3,1.0725575340397754e-45,21,0.0003083437042239213,pow,TRASH_BROAD_GRAMMAR,false
30,198,1.990675284927066e-45,3/2 * alpha^21 * exp((-1)*alpha),1.992480041811447e-45,24,0.0009066053605258572,alpha_exp_family,SIBLING_SHARED_ALPHA21,false
30,199,4.506122764594183e-45,(exp(((5/3)-(5))^3 + 3))^3,4.505135974487895e-45,21,0.00021898873107536015,pow,TRASH_BROAD_GRAMMAR,false
30,200,9.43760318551166e-46,(exp((5)-((4)^2) * pi))^3,9.453232147920063e-46,19,0.0016560308905969713,pow,TRASH_BROAD_GRAMMAR,false
30,201,4.319572275227826e-46,(((exp((3)^3))/(4))^2 * e)^-2,4.323614413374802e-46,20,0.0009357727778180983,pow,TRASH_BROAD_GRAMMAR,false
30,202,1.5487922555170564e-45,(4 * exp((pi)^3 + 2))^-3,1.5505598518731834e-45,20,0.0011412740151756974,pow,TRASH_BROAD_GRAMMAR,false
30,203,6.08955307140919e-45,((exp((e)^2 + 4))^-3)^3 * 2,6.0980647998272e-45,21,0.0013977591324349655,mul,TRASH_BROAD_GRAMMAR,false
30,204,1.1672702726939715e-44,(5 * exp((2/3 + 5)^2))^-3,1.1642731900209339e-44,21,0.002567599589528304,pow,TRASH_BROAD_GRAMMAR,false
30,205,1.2839348569232579e-45,((((5)^-3 * e)^-3)^-3)^3,1.286413710688101e-45,19,0.0019306694194620342,pow,TRASH_BROAD_GRAMMAR,false
30,206,5.589815678024079e-45,((((4/5 + e)^-3)^-3)^3)^-3,5.587523406620865e-45,21,0.00041007996242623234,pow,TRASH_BROAD_GRAMMAR,false
30,207,6.416344766996494e-46,((((3 * mp/me)^2)^-2)^3)/(2),6.406332503909151e-46,21,0.0015604309698011513,div,TRASH_BROAD_GRAMMAR,false
30,208,1.2559465970563162e-44,((((3/2 + 5)^-3)^3)^2)^3,1.266714498154342e-44,17,0.00857353419585171,pow,TRASH_BROAD_GRAMMAR,false
30,209,2.0724255255549665e-45,3/2 * alpha^21 * exp((4)*alpha),2.0665217455882686e-45,26,0.0028487296136332782,alpha_exp_family,SIBLING_SHARED_ALPHA21,false
30,210,1.9602739201070282e-45,3/2 * alpha^21 * exp((-3)*alpha),1.9636115590305056e-45,25,0.0017026390491871656,alpha_exp_family,SIBLING_SHARED_ALPHA21,false
30,211,1.5072714781109052e-45,((exp((5)^2 + 4/5))^2)^-2,1.516384957495807e-45,18,0.006046342359190512,pow,TRASH_BROAD_GRAMMAR,false
30,212,9.245446816367288e-46,(((3 * alpha)^3)^3)^3 * 3/5,9.24461918576867e-46,20,8.951764204117037e-5,mul,TRASH_BROAD_GRAMMAR,false
30,213,1.2539475308310984e-44,(e * exp((3 + e)^2))^-3,1.2429690125885463e-44,18,0.00875516556524159,pow,TRASH_BROAD_GRAMMAR,false
30,214,3.562157677947651e-46,(3)/(((exp((2 + pi)^2))^2)^2),3.573789454223748e-46,17,0.003265373778400023,div,TRASH_BROAD_GRAMMAR,false
30,215,3.964400956426166e-46,((4 * exp((5)^2))^2)^-2 * e,3.950083955509563e-46,20,0.00361139074325857,mul,TRASH_BROAD_GRAMMAR,false
30,216,7.840660943833894e-45,(5)/((exp((3)^3 + (e)^2))^3),7.834983738993173e-45,20,0.0007240722282712382,div,TRASH_BROAD_GRAMMAR,false
30,217,9.170345846635233e-45,((((4)^3)^-3 * 3)^3)^3 * e,9.152220542029643e-45,21,0.001976512653799307,mul,TRASH_BROAD_GRAMMAR,false
30,218,2.075437417163622e-45,3/2 * alpha^21 * exp((5)*alpha),2.08165703998312e-45,26,0.002996776856802488,alpha_exp_family,SIBLING_SHARED_ALPHA21,false
30,219,2.1635119250977153e-46,(((exp((1)-((3)^3)))^2)^2)/(pi),2.1688224963728754e-46,17,0.0024546068887141685,div,TRASH_BROAD_GRAMMAR,false
30,220,5.924946076486608e-46,((((2/3 + 3)^3)^3)^3)^-3 * 3,5.903851011753072e-46,21,0.003560380881313426,mul,TRASH_BROAD_GRAMMAR,false
30,221,2.7243269995596077e-45,2 * alpha^21 * exp((5/2)*alpha),2.725366518901089e-45,26,0.0003815692248578938,alpha_exp_family,SIBLING_SHARED_ALPHA21,false
30,222,2.0486360432187438e-45,3/2 * alpha^21 * exp((3)*alpha),2.051496496763854e-45,25,0.0013962721951410694,alpha_exp_family,SIBLING_SHARED_ALPHA21,false
30,223,1.519226132484977e-44,(3 * exp(5 * pi * pi))^-2,1.522685425765461e-44,21,0.002277010121479358,pow,TRASH_BROAD_GRAMMAR,false
30,224,7.369382276047205e-45,(((((4)^3 + 5)^-3)^2)^2)^2,7.372619529029915e-45,17,0.0004392841708364538,pow,TRASH_BROAD_GRAMMAR,false
30,225,8.599256821701412e-45,((((1/3)^-3)^3 * 4)^-3)^3,8.60277265063649e-45,18,0.000408852649476137,pow,TRASH_BROAD_GRAMMAR,false
30,226,4.3279264052493304e-46,1/3 * alpha^21 * exp((-4)*alpha),4.331854552710807e-46,25,0.0009076280633405037,alpha_exp_family,SIBLING_SHARED_ALPHA21,false
30,227,7.303316062183826e-46,((exp((e + pi)^2))^-3)/(5/2),7.302645718976835e-46,20,9.178614225151278e-5,div,TRASH_BROAD_GRAMMAR,false
30,228,3.489058375432701e-46,(3)/(((((4)^2 * pi)^3)^3)^3),3.4900782179607028e-46,19,0.00029229735311474514,div,TRASH_BROAD_GRAMMAR,false
30,229,4.918004705288018e-46,(exp((pi)^3 + 4))^-3 * 2,4.9196206180891135e-46,20,0.0003285708123373122,mul,TRASH_BROAD_GRAMMAR,false
30,230,3.3779143077648935e-45,((exp(3/5 + 5 * 5))^-2)^2,3.3747767862572197e-45,21,0.0009288339554563577,pow,TRASH_BROAD_GRAMMAR,false
30,231,2.3185689704188886e-45,(2/2)/((exp((1/4)/(alpha)))^3),2.3148152337825184e-45,19,0.0016189885590041314,div,TRASH_BROAD_GRAMMAR,false
30,232,3.9671277084490205e-46,((4 * exp((5)^2))^2)^-2 * e,3.950083955509563e-46,20,0.0042962450901588775,mul,TRASH_BROAD_GRAMMAR,false
30,233,7.93223285058304e-46,(5 * exp((pi)^3 + 2))^-3,7.9388664415907e-46,20,0.0008362829398248872,pow,TRASH_BROAD_GRAMMAR,false
30,234,1.0375354800909218e-44,(2 * exp((3/4 + 5)^2))^-3,1.0479150778798853e-44,21,0.010004089487189338,pow,TRASH_BROAD_GRAMMAR,false
30,235,3.6964591590852815e-45,(2)/(((((((1/5)^2)^2)^2)^2)^2)^-2),3.689348814741937e-45,15,0.0019235554992859765,div,TRASH_BROAD_GRAMMAR,false
30,236,6.458567895004864e-46,((((((1/3)^2)/(2))^2)^2)^3)^3,6.4593648560515705e-46,14,0.00012339593849013987,pow,TRASH_BROAD_GRAMMAR,false
30,237,1.1258490435146287e-45,(3/5)/((exp((1/4 + 3)^3))^3),1.128770018803715e-45,21,0.0025944644230169313,div,TRASH_BROAD_GRAMMAR,false
30,238,2.436606501053989e-46,(5 + exp((pi)^3 + 4))^-3,2.459810309044534e-46,21,0.009523001756954952,pow,TRASH_BROAD_GRAMMAR,false
30,239,1.3300260665736217e-45,5/5 * alpha^21 * exp((-1)*alpha),1.328320027874298e-45,26,0.001282710724398562,alpha_exp_family,SIBLING_SHARED_ALPHA21,false
30,240,4.878401067748756e-45,((((((3)^2)^2)^2)^-2)^2 * pi)^3,4.873143103985386e-45,15,0.0010778047336310456,pow,TRASH_BROAD_GRAMMAR,false
30,241,1.1681519898081833e-45,((exp(2))-((e)^2))^3 * 5/3,1.167748720270681e-45,19,0.00034522009209483656,mul,TRASH_BROAD_GRAMMAR,false
30,242,8.712636848062186e-45,((((2 * alpha)^-2)^-2)^2)^3,8.723440543400765e-45,15,0.0012400029436532556,pow,TRASH_BROAD_GRAMMAR,false
30,243,4.980732630256275e-46,(((exp((5)^2))^2 * 5)^-2)/(3),4.9601013013611126e-46,20,0.004142227745740458,div,TRASH_BROAD_GRAMMAR,false
30,244,2.8472911018090537e-46,(((((3)-(pi))^2)^3)^3)^3 * 2,2.86568814479032e-46,18,0.006461244152232197,mul,TRASH_BROAD_GRAMMAR,false
30,245,3.292201582109513e-45,(2/3)/((exp((pi)^3 + 3))^3),3.293774052423474e-45,19,0.0004776348819301464,div,TRASH_BROAD_GRAMMAR,false
30,246,2.8617918612865372e-46,(((((3)-(pi))^2)^3)^3)^3 * 2,2.86568814479032e-46,18,0.001361483885844628,mul,TRASH_BROAD_GRAMMAR,false
30,247,4.678326179012223e-46,(((exp(2))-(e * e))^3)/(3/2),4.670994881082723e-46,21,0.001567077123093516,div,TRASH_BROAD_GRAMMAR,false
30,248,1.903853821873628e-46,((((1 + e)^3)^-3)^3)^3 * 3,1.902806454008237e-46,19,0.0005501304004318655,mul,TRASH_BROAD_GRAMMAR,false
30,249,7.319231930859795e-45,((((5)^2)^3 * 3)^3 * 5)^-3,7.321810093779194e-45,21,0.000352245009278739,pow,TRASH_BROAD_GRAMMAR,false
30,250,1.2787878555885018e-45,((((1/3)/(mp/me))^2)^3)^2,1.281266500781827e-45,16,0.0019382770820766044,pow,TRASH_BROAD_GRAMMAR,false
30,251,5.131790171122508e-46,((((3 * alpha)^3)^3)^3)/(3),5.135899547649261e-46,18,0.0008007686186931155,div,TRASH_BROAD_GRAMMAR,false
30,252,1.9217895291079347e-45,(((3 * alpha)^3)^3)^3 * 5/4,1.9259623303684728e-45,21,0.0021713102279597826,mul,TRASH_BROAD_GRAMMAR,false
30,253,2.8529828624925475e-45,(e)/((exp(exp(2/5 + pi)))^3),2.859820367851137e-45,21,0.0023966163444163525,div,TRASH_BROAD_GRAMMAR,false
30,254,1.141766374482545e-44,(((5/2 * mp/me)^-3)^2)^2,1.1423900821956253e-44,19,0.0005462656170470099,pow,TRASH_BROAD_GRAMMAR,false
30,255,1.0791637807872545e-44,(((alpha * pi)^3)^3)^3 * 2,1.070386089664225e-44,18,0.008133789587180234,mul,TRASH_BROAD_GRAMMAR,false
30,256,2.225959028342949e-45,((exp((e)-((e)^3)))^2)^3 * 4,2.223523227939899e-45,20,0.0010942700975333343,mul,TRASH_BROAD_GRAMMAR,false
40,1,1.1549536898639945e-45,((((3)^-3)^-3 * 5)^3)^-3,1.1546445996689741e-45,19,0.00026762128883004994,pow,TRASH_BROAD_GRAMMAR,false
40,2,1.6071702871314295e-44,(((alpha * pi)^3)^3)^3 * 3,1.6055791344963377e-44,18,0.0009900336310546213,mul,TRASH_BROAD_GRAMMAR,false
40,3,1.8714554696405263e-45,(5 + exp((1/4 + 3)^3))^-3,1.881283364672823e-45,21,0.005251471483948514,pow,TRASH_BROAD_GRAMMAR,false
40,4,6.943231774669741e-45,(3)/((exp((1/4)/(alpha)))^3),6.944445701347555e-45,18,0.00017483597224025985,div,TRASH_BROAD_GRAMMAR,false
40,5,1.2831276472986659e-44,(4)/((exp((pi)^3 + pi))^3),1.2923088841278925e-44,19,0.007155357339977521,div,TRASH_BROAD_GRAMMAR,false
40,6,1.4107297519635371e-44,(((2/5)/(((pi)^3)^3))^3)^3,1.4105881584538104e-44,17,0.00010036898245721992,pow,TRASH_BROAD_GRAMMAR,false
40,7,6.535926287514747e-45,5 * alpha^21 * exp((-3)*alpha),6.545371863435018e-45,25,0.0014451778531092607,alpha_exp_family,SIBLING_SHARED_ALPHA21,false
40,8,8.791070224053722e-45,(exp((pi)^3 + pi))^-3 * e,8.78214939120259e-45,19,0.0010147607314890507,mul,TRASH_BROAD_GRAMMAR,false
40,9,5.120162421464113e-45,(4)/((((3 * mp/me)^3)^2)^2),5.12506600312732e-45,21,0.0009577004125202642,div,TRASH_BROAD_GRAMMAR,false
40,10,1.412727072461089e-44,(((2/5)/(((pi)^3)^3))^3)^3,1.4105881584538104e-44,17,0.0015140320087109337,pow,TRASH_BROAD_GRAMMAR,false
40,11,1.1635187417635144e-45,((e)^2)/(((((((3)^2)^2)^2)^2)^2)^3),1.161310922454068e-45,15,0.0018975365245084465,div,TRASH_BROAD_GRAMMAR,false
40,12,2.181562859353305e-45,5/3 * alpha^21 * exp((-3)*alpha),2.1817906211450063e-45,26,0.00010440303873199996,alpha_exp_family,SIBLING_SHARED_ALPHA21,false
40,13,4.8108061801297614e-46,((((2)/((((pi)^3)^2)^2))^2)^2)^2,4.80675721298054e-46,14,0.0008416400490098723,pow,TRASH_BROAD_GRAMMAR,false
40,14,2.4224607725174274e-45,(3/4)/((exp((pi)^3 + pi))^3),2.4230791577397984e-45,20,0.0002552715112609905,div,TRASH_BROAD_GRAMMAR,false
40,15,3.1226439902211784e-45,(1 + exp(4 * e * pi))^-3,3.1252632281509244e-45,21,0.0008387885195841603,pow,TRASH_BROAD_GRAMMAR,false
40,16,1.978016652946469e-46,((((2/3 + 3)^-3)^3)^3)^3,1.9679503372510285e-46,17,0.005089095524269432,pow,TRASH_BROAD_GRAMMAR,false
40,17,1.7848902294664108e-45,4/3 * alpha^21,1.7840649347327815e-45,15,0.0004623784252973433,alpha_family,SIBLING_PRE_EXP_TRUNCATION,false
40,18,7.275297967276395e-46,((((2 + 5)^-2)^3)^3)^3 * pi,7.275380503588569e-46,20,1.134473289549006e-5,mul,TRASH_BROAD_GRAMMAR,false
40,19,1.3955124427749496e-44,(5)/(((3 * exp((4)^2))^2)^3),1.3930676699141373e-44,20,0.0017518818076254,div,TRASH_BROAD_GRAMMAR,false
40,20,2.0714294191930774e-46,((((pi)^3)^3 * 4)^-3)^3,2.052675930395794e-46,17,0.009053404679648094,pow,TRASH_BROAD_GRAMMAR,false
40,21,9.389226455488126e-46,(exp((1/4 + 3)^3))^-3 * 1/2,9.406416823364291e-46,20,0.0018308609295622238,mul,TRASH_BROAD_GRAMMAR,false
40,22,1.1281420727110122e-44,(e)/(((exp((5)^2))^2 * 3)^2),1.1235794362338312e-44,18,0.004044381100171767,div,TRASH_BROAD_GRAMMAR,false
40,23,5.874038660456768e-45,((((mtau/me)^-3)/(e))^2)^2,5.861665857081411e-45,17,0.0021063537525977697,pow,TRASH_BROAD_GRAMMAR,false
40,24,1.5795569627456903e-44,(exp(((pi)-(3))^-2))^-2 * 1/3,1.5792395128150108e-44,18,0.00020097403143206044,mul,TRASH_BROAD_GRAMMAR,false
40,25,4.806072463228433e-45,(((alpha)^2 * 1/5)^3)^3 * e,4.7922600294020895e-45,18,0.0028739545506280277,mul,TRASH_BROAD_GRAMMAR,false
40,26,2.4615435208940228e-45,(((((((5)^-2)^2)^2)^2)^2)^2)/(3/4),2.4595658764946238e-45,17,0.0008034163859433789,div,TRASH_BROAD_GRAMMAR,false
40,27,2.461691726631582e-46,((exp((3)^3))^-2 * pi)^2 * 2,2.4633475805379126e-46,19,0.0006726487676815488,mul,TRASH_BROAD_GRAMMAR,false
40,28,9.453242468349333e-46,(exp((1)-(3 * 4) * pi))^3,9.453232147920063e-46,20,1.0917343234171764e-6,pow,TRASH_BROAD_GRAMMAR,true
40,29,1.6418607460256443e-44,((3)^2)/((exp((e + pi)^2))^3),1.6430952867697878e-44,18,0.0007519156220354763,div,TRASH_BROAD_GRAMMAR,false
40,30,1.1453423643791628e-45,(3)/(((exp((5)^2) * pi)^2)^2),1.145707018677222e-45,18,0.0003183801712047714,div,TRASH_BROAD_GRAMMAR,false
40,31,1.3158131225441024e-45,5/5 * alpha^21 * exp((-5/2)*alpha),1.3138594856609543e-45,29,0.0014847373458100068,alpha_exp_family,SIBLING_SHARED_ALPHA21,false
40,32,6.600370105882219e-45,5 * alpha^21 * exp((-2)*alpha),6.593310449268124e-45,25,0.0010695849627892155,alpha_exp_family,SIBLING_SHARED_ALPHA21,false
40,33,1.0663688703035604e-45,4/5 * alpha^21 * exp((-1/2)*alpha),1.0665403922216107e-45,27,0.00016084670401288277,alpha_exp_family,SIBLING_SHARED_ALPHA21,false
40,34,8.246907809606083e-46,((((5)^3 * e)^3)^-3)^2 * 3,8.23076773237776e-46,20,0.001957106542348225,mul,TRASH_BROAD_GRAMMAR,false
40,35,1.2253877017879754e-44,((exp((e)^3 * 5/3))^-3)/(2),1.2127764225891765e-44,21,0.010291664573096061,div,TRASH_BROAD_GRAMMAR,false
40,36,7.838357374870898e-45,(5)/((exp((3)^3 + (e)^2))^3),7.834983738993173e-45,20,0.00043040087564021734,div,TRASH_BROAD_GRAMMAR,false
40,37,1.6800870195041836e-44,(((alpha * pi)^3)^3)^3 * pi,1.6813585378969175e-44,18,0.000756816985056628,mul,TRASH_BROAD_GRAMMAR,false
40,38,2.2792276631167416e-45,5/3 * alpha^21 * exp((3)*alpha),2.2794405519598378e-45,26,9.340393965078616e-5,alpha_exp_family,SIBLING_SHARED_ALPHA21,false
40,39,2.156563579403361e-46,(3)/((exp((3 + e)^2 + e))^3),2.152090880153229e-46,21,0.002073993687387291,div,TRASH_BROAD_GRAMMAR,false
40,40,5.981471983064249e-46,((exp((1/4 + 3)^3))^-3)/(pi),5.988310936884763e-46,20,0.001143356324309007,div,TRASH_BROAD_GRAMMAR,false
40,41,2.921562181413435e-45,((((2 * alpha)^2)^2)^3)^2 * 1/3,2.907813514466928e-45,17,0.004705929941855963,mul,TRASH_BROAD_GRAMMAR,false
40,42,1.9446966240593868e-46,((((3)/(exp((pi)^2)))^2)^2)^3,1.948400790506704e-46,15,0.0019047528552732285,pow,TRASH_BROAD_GRAMMAR,false
40,43,2.5414300888230133e-46,((((alpha)^2 * e)^3)^2)^2 * 3,2.5387675990413613e-46,17,0.0010476344768882103,mul,TRASH_BROAD_GRAMMAR,false
40,44,2.417033802341915e-46,(2)/(((exp((2 + pi)^2))^2)^2),2.3825263028158322e-46,17,0.01427679641577523,div,TRASH_BROAD_GRAMMAR,false
40,45,3.494214417514351e-45,((((e)/((5)^3))^3)^3)^3 * e,3.496835013644038e-45,20,0.0007499814884145686,mul,TRASH_BROAD_GRAMMAR,false
40,46,8.920219690830909e-45,((exp((e)^3 * 5/3))^-3)/(e),8.923110252160146e-45,21,0.00032404597974282253,div,TRASH_BROAD_GRAMMAR,false
40,47,2.9124145942863408e-46,((4 * exp((5)^2))^2)^-2 * 2,2.9063093562662774e-46,20,0.0020962805336990123,mul,TRASH_BROAD_GRAMMAR,false
40,48,5.838963754038997e-46,((((((1/3)^2)^2)^2)^2)^2)^3 * 1 + e,5.8438875579478665e-46,17,0.0008432667364074127,mul,TRASH_BROAD_GRAMMAR,false
40,49,1.0800192933150413e-44,(((alpha * pi)^3)^3)^3 * 2,1.070386089664225e-44,18,0.00891947367092657,mul,TRASH_BROAD_GRAMMAR,false
40,50,1.1663692264903151e-45,((exp(2))-((e)^2))^3 * 5/3,1.167748720270681e-45,19,0.001182724774483991,mul,TRASH_BROAD_GRAMMAR,false
40,51,8.912729130252355e-45,((exp((e)^3 * 5/3))^-3)/(e),8.923110252160146e-45,21,0.0011647523172845686,div,TRASH_BROAD_GRAMMAR,false
40,52,5.656047997635633e-45,((((3 * 5)^3)^3 * 3)^-2)^2,5.652357927385393e-45,19,0.0006524114101899329,pow,TRASH_BROAD_GRAMMAR,false
40,53,1.1401462220718053e-45,(e)/((((exp(5))^2 * 5)^3)^3),1.1404101436394216e-45,21,0.00023148045619679627,div,TRASH_BROAD_GRAMMAR,false
40,54,1.0389764891568209e-45,4/5 * alpha^21 * exp((-4)*alpha),1.039645092650594e-45,28,0.0006435212930715308,alpha_exp_family,SIBLING_SHARED_ALPHA21,false
40,55,1.7877861600497952e-46,((((exp(5))/(3))^-3)^3)^3,1.7886230388100725e-46,18,0.0004681089824825466,pow,TRASH_BROAD_GRAMMAR,false
40,56,1.7334986537480716e-44,(3)/(((((4)^2 * e)^3)^3)^3),1.7375235979734382e-44,19,0.0023218617543567287,div,TRASH_BROAD_GRAMMAR,false
40,57,1.7922109369980877e-45,(((((1/4)^2)^2)^2)^3)^3 * (1/5)^2,1.7936620343357662e-45,17,0.0008096688329048168,mul,TRASH_BROAD_GRAMMAR,false
40,58,6.143282681479677e-45,(((((5)^-3 * 3)^3)^3)^3)/(3),6.145854459726111e-45,21,0.00041863257476119724,div,TRASH_BROAD_GRAMMAR,false
40,59,1.5924519656159248e-45,(2)/((((mtau/me)^2 * e)^3)^2),1.5865804180129888e-45,20,0.003687111278527634,div,TRASH_BROAD_GRAMMAR,false
40,60,6.619169626737085e-45,5 * alpha^21 * exp((-3/2)*alpha),6.617411246006906e-45,26,0.00026564974601586965,alpha_exp_family,SIBLING_SHARED_ALPHA21,false
40,61,2.081139966915765e-45,3/2 * alpha^21 * exp((5)*alpha),2.08165703998312e-45,26,0.00024845665143865143,alpha_exp_family,SIBLING_SHARED_ALPHA21,false
40,62,7.833741494624107e-46,(((((4 + e)^3)^3)^-3)^2)/(e),7.829999403222486e-46,20,0.0004776889056384464,div,TRASH_BROAD_GRAMMAR,false
40,63,1.3538912079052238e-44,(((3)/(((4)^3)^3))^3)^3 * 4,1.346765511391864e-44,21,0.00526312341180273,mul,TRASH_BROAD_GRAMMAR,false
40,64,4.299674482320482e-46,(4)/((((alpha * e)^-3)^3)^3),4.300063815769074e-46,20,9.054951722341983e-5,div,TRASH_BROAD_GRAMMAR,false
40,65,7.17390810387115e-45,((((3 * 5)^2)^3 * 2)^3)^-2,7.153765501847139e-45,19,0.0028077585790570844,pow,TRASH_BROAD_GRAMMAR,false
40,66,5.8813287713622614e-46,(((alpha)^2 * 1/5)^3)^3 * 1/3,5.876579805215601e-46,18,0.0008074648317203655,mul,TRASH_BROAD_GRAMMAR,false
40,67,1.9884015962344307e-45,(((exp(3 + e))^2)^3)^-3,1.9882528185733235e-45,16,7.482274274418762e-5,pow,TRASH_BROAD_GRAMMAR,false
40,68,2.0983130430407635e-46,((((alpha)/(e))^3)^2)^3 * 4,2.0976607359754912e-46,18,0.00031087213961507706,mul,TRASH_BROAD_GRAMMAR,false
40,69,4.313015678000564e-46,(((exp((3)^3))/(4))^2 * e)^-2,4.323614413374802e-46,20,0.002457383920095544,pow,TRASH_BROAD_GRAMMAR,false
40,70,1.85302245024084e-45,(e * exp((5)^2 * 4/3))^-3,1.852116769518002e-45,21,0.0004887586346945617,pow,TRASH_BROAD_GRAMMAR,false
40,71,4.7967323539324966e-46,(((3/2)/((exp(4))^3))^3)^3,4.7975254354522745e-46,18,0.00016533787196356807,pow,TRASH_BROAD_GRAMMAR,false
40,72,2.7853934628231874e-46,1/5 * alpha^21 * exp((5)*alpha),2.7755427199774932e-46,26,0.0035365713954501154,alpha_exp_family,SIBLING_SHARED_ALPHA21,false
40,73,3.225085440813665e-45,5/2 * alpha^21 * exp((-5)*alpha),3.225268905958333e-45,27,5.688690983083888e-5,alpha_exp_family,SIBLING_SHARED_ALPHA21,false
40,74,2.3200645665583245e-45,((4)/((exp((5)^2))^-2))^-2,2.325047485013021e-45,17,0.0021477499059814283,pow,TRASH_BROAD_GRAMMAR,false
40,75,2.3774624827436897e-46,(((exp(1/2))^2)-(e))^3 * e,2.3807025948885723e-46,17,0.0013628447003476622,mul,TRASH_BROAD_GRAMMAR,false
40,76,8.508140603988889e-45,(4)/(((((4 + e)^3)^2)^3)^3),8.513658037849938e-45,20,0.0006484887965370477,div,TRASH_BROAD_GRAMMAR,false
40,77,8.978603020983046e-46,(5)/(((exp((5)^2 + 4/3))^2)^2),8.980170392741183e-46,21,0.00017456744155789903,div,TRASH_BROAD_GRAMMAR,false
40,78,9.070857384110601e-45,(exp((e)-(exp(e)) * e))^3,9.050594601489818e-45,19,0.002233833226865325,pow,TRASH_BROAD_GRAMMAR,false
40,79,3.32728385285731e-45,5/2 * alpha^21 * exp((-1/2)*alpha),3.332938725692533e-45,26,0.0016995462621460847,alpha_exp_family,SIBLING_SHARED_ALPHA21,false
40,80,3.8078113614139836e-46,((exp((5)^2) * pi)^-2)^2,3.819023395590739e-46,15,0.0029444825682204425,pow,TRASH_BROAD_GRAMMAR,false
40,81,5.180881357895839e-45,((exp(2))-((e)^2))^3 * (e)^2,5.1771364821207214e-45,18,0.0007228260051564522,mul,TRASH_BROAD_GRAMMAR,false
40,82,4.1520113309942844e-46,((((((((2/3)^2)^2)^2)^2)^2)^2)^2)^2 * 1/2,4.1649298030870535e-46,16,0.003111376887710835,mul,TRASH_BROAD_GRAMMAR,false
40,83,1.606772402733571e-44,(((alpha * pi)^3)^3)^3 * 3,1.6055791344963377e-44,18,0.0007426491986065876,mul,TRASH_BROAD_GRAMMAR,false
40,84,8.936591069475415e-45,(2 * exp(exp(1/2 + 3)))^-3,8.939965829506674e-45,20,0.0003776339327851371,pow,TRASH_BROAD_GRAMMAR,false
40,85,3.035411073036028e-45,(((3)/(exp((3)^3)))^2)^2 * 3,3.032509904878472e-45,18,0.0009557743869776937,mul,TRASH_BROAD_GRAMMAR,false
40,86,6.775045623825026e-45,(5)/(((5 * exp((pi)^2))^3)^3),6.78277476398972e-45,21,0.0011408248141552295,div,TRASH_BROAD_GRAMMAR,false
40,87,2.845176500184011e-45,(e)/((exp(exp(2/5 + pi)))^3),2.859820367851137e-45,21,0.005146910100719222,div,TRASH_BROAD_GRAMMAR,false
40,88,2.642211655130106e-46,1/5 * alpha^21 * exp((-3/2)*alpha),2.646964498402763e-46,26,0.0017988124696326382,alpha_exp_family,SIBLING_SHARED_ALPHA21,false
40,89,7.992163903668099e-46,(((2)/((((e)^3)^3)^2))^2)^3,7.986857362642941e-46,15,0.0006639679927888495,pow,TRASH_BROAD_GRAMMAR,false
40,90,8.801027670315612e-46,((e)/((exp((2 + pi)^2))^2))^2,8.802310254342007e-46,17,0.00014573116622739726,pow,TRASH_BROAD_GRAMMAR,false
40,91,2.5026225493412595e-46,((e)^3)/(((exp((1/3)^-3))^2)^2),2.5065674758999165e-46,17,0.0015763170357813085,div,TRASH_BROAD_GRAMMAR,false
40,92,2.431031957822347e-46,(5 + exp((pi)^3 + 4))^-3,2.459810309044534e-46,21,0.011837915634793134,pow,TRASH_BROAD_GRAMMAR,false
40,93,2.847393033330373e-45,(e)/((exp(exp(2/5 + pi)))^3),2.859820367851137e-45,21,0.004364460534704707,div,TRASH_BROAD_GRAMMAR,false
40,94,1.022120535949611e-45,3/4 * alpha^21 * exp((5/2)*alpha),1.0220124445879084e-45,28,0.00010575206925284272,alpha_exp_family,SIBLING_SHARED_ALPHA21,false
40,95,4.299948439315215e-46,(4)/((((alpha * e)^-3)^3)^3),4.300063815769074e-46,20,2.6832055194884582e-5,div,TRASH_BROAD_GRAMMAR,false
40,96,4.7672243425750466e-45,(((3 * exp(e))^-3)^3)^3 * e,4.759716093771406e-45,21,0.001574972827812188,mul,TRASH_BROAD_GRAMMAR,false
40,97,2.3114216257089537e-46,((((2 + 5)^-2)^3)^3)^3,2.315825540041047e-46,16,0.0019052838664787215,pow,TRASH_BROAD_GRAMMAR,false
40,98,1.27961732886167e-45,((((1/3)/(mp/me))^2)^3)^2,1.281266500781827e-45,16,0.0012888008648835403,pow,TRASH_BROAD_GRAMMAR,false
40,99,5.28481257470612e-46,2/5 * alpha^21 * exp((-3/2)*alpha),5.293928996805526e-46,27,0.0017250227837858274,alpha_exp_family,SIBLING_SHARED_ALPHA21,false
40,100,3.7391509163732894e-46,(pi)/(((exp((2 + pi)^2))^2)^2),3.7424635649553344e-46,17,0.0008859360470152027,div,TRASH_BROAD_GRAMMAR,false
40,101,1.9941605600257588e-46,((((1 + e)^3)^3)^3)^-3 * pi,1.992614259038507e-46,19,0.0007754144868012688,mul,TRASH_BROAD_GRAMMAR,false
40,102,2.3354568827424145e-45,(alpha)/((((mtau/me)^2)^2)^3),2.3354163435033942e-45,17,1.7358162045226418e-5,div,TRASH_BROAD_GRAMMAR,false
40,103,5.409994109298685e-45,4 * alpha^21 * exp((3/2)*alpha),5.411101894145802e-45,26,0.0002047663684537071,alpha_exp_family,SIBLING_SHARED_ALPHA21,false
40,104,6.1154177209917925e-46,((((4)^3 + 1 * 5)^-3)^3)^2,6.110820155171193e-46,20,0.000751799146085795,pow,TRASH_BROAD_GRAMMAR,false
40,105,5.669058577684862e-45,((((3 * 5)^3)^3 * 3)^-2)^2,5.652357927385393e-45,19,0.00294593009943623,pow,TRASH_BROAD_GRAMMAR,false
40,106,3.9843671058946456e-45,3 * alpha^21 * exp((-1)*alpha),3.984960083622894e-45,23,0.0001488260776401245,alpha_exp_family,SIBLING_SHARED_ALPHA21,false
40,107,1.7399896125155942e-44,((((4)^2 * e)^3)^3)^-3 * 3,1.7375235979734384e-44,20,0.0014172581976455076,mul,TRASH_BROAD_GRAMMAR,false
40,108,1.6873322378733594e-45,(((((((1/5)^2)^2)^2)^2)^2)^2)-(((((((1/3)^2)^2)^2)^3)^2)^2),1.6875080647548748e-45,21,0.00010420406696964188,sub,TRASH_BROAD_GRAMMAR,false
40,109,9.863128011665578e-45,(2)/((exp((pi)^3 + 3))^3),9.881322157270423e-45,18,0.0018446628273834998,div,TRASH_BROAD_GRAMMAR,false
40,110,1.262677021126362e-44,((((3/2 + 5)^-3)^3)^2)^3,1.266714498154342e-44,17,0.0031975532621781686,pow,TRASH_BROAD_GRAMMAR,false
40,111,3.8266894216537185e-45,(exp((pi)^3 + e))^-3 * 1/3,3.8345089020497404e-45,19,0.002043406070995622,mul,TRASH_BROAD_GRAMMAR,false
40,112,1.324328635589906e-44,(exp((e)^2 + 5 * e))^-3,1.3269802808459347e-44,19,0.0020022562261124022,pow,TRASH_BROAD_GRAMMAR,false
40,113,2.9348975032603513e-46,(e)/((((alpha * e)^3)^3)^-3),2.9221963329048346e-46,19,0.004327636771439939,div,TRASH_BROAD_GRAMMAR,false
40,114,5.689503273492365e-46,((((3)/(alpha))^2)^-3 * 4)^3,5.688179870517514e-46,19,0.0002326043085372472,pow,TRASH_BROAD_GRAMMAR,false
40,115,9.10124699389006e-46,((e * pi)/((exp((3)^3))^2))^2,9.100906731879855e-46,18,3.738630656148186e-5,pow,TRASH_BROAD_GRAMMAR,false
40,116,1.754133216610914e-45,4/3 * alpha^21 * exp((-5/2)*alpha),1.751812647547939e-45,28,0.0013229149536649759,alpha_exp_family,CANONICAL_G,false
40,117,5.595116197167308e-46,((e * exp((4)^2))^3 * 3)^-2,5.593972620849987e-46,20,0.0002043883052687423,pow,TRASH_BROAD_GRAMMAR,false
40,118,3.023583169508693e-45,(2 * exp((e)^3 * 5/3))^-3,3.031941056472941e-45,21,0.0027642325332848266,pow,TRASH_BROAD_GRAMMAR,false
40,119,7.3178661800915e-45,((((5)^2)^3 * 3)^3 * 5)^-3,7.321810093779194e-45,21,0.0005389431277691318,pow,TRASH_BROAD_GRAMMAR,false
40,120,3.7732458212097554e-45,(exp((5)^2 * 2) * pi)^-2,3.7692250112985615e-45,18,0.0010656103794225407,pow,TRASH_BROAD_GRAMMAR,false
40,121,8.834657696447706e-46,((((((1/3)^2)^2)^2)^2 * 4/3)^3)^2,8.830635656454272e-46,16,0.00045525702654569585,pow,TRASH_BROAD_GRAMMAR,false
40,122,3.481048823227955e-45,(((3 * mp/me)^-3)^2)^2 * e,3.482843446488555e-45,21,0.0005155409624320343,mul,TRASH_BROAD_GRAMMAR,false
40,123,3.0508294276238326e-46,((exp((3)^3))^-2 * 3)^2 * e,3.0530431737234137e-46,19,0.0007256210653852684,mul,TRASH_BROAD_GRAMMAR,false
40,124,1.4814089381597748e-44,((exp((4)^2))^-2)^3 * alpha,1.482159926086135e-44,17,0.0005069416735752778,mul,TRASH_BROAD_GRAMMAR,false
40,125,2.1603045843658174e-46,(3)/((exp((3 + e)^2 + e))^3),2.152090880153229e-46,21,0.0038021046995091673,div,TRASH_BROAD_GRAMMAR,false
40,126,1.1513849533654482e-44,(5/5)/((exp((pi)^3 + e))^3),1.1503526706149223e-44,21,0.000896557443719057,div,TRASH_BROAD_GRAMMAR,false
40,127,9.932546731787573e-45,(5)/((((exp(3 + e))^3)^2)^3),9.941264092866612e-45,20,0.0008776561857131976,div,TRASH_BROAD_GRAMMAR,false
40,128,9.15940719828288e-45,((((4)^3)^-3 * 3)^3)^3 * e,9.152220542029643e-45,21,0.0007846202377140844,mul,TRASH_BROAD_GRAMMAR,false
40,129,1.2598383568941732e-44,((((3/2 + 5)^-3)^3)^2)^3,1.266714498154342e-44,17,0.005457955159517756,pow,TRASH_BROAD_GRAMMAR,false
40,130,5.0850660161595066e-46,(((pi)^3 * mtau/me)^-3)^3,5.079870913810076e-46,19,0.0010216391159762878,pow,TRASH_BROAD_GRAMMAR,false
40,131,2.0826471087025476e-46,((((((1/3)^2)^2)^2)^2)^2)^3 * 4/3,2.0955512348812385e-46,16,0.006196021459790178,mul,TRASH_BROAD_GRAMMAR,false
40,132,4.098558155854424e-46,(5/3)/((exp((pi)^3 + 4))^3),4.099683848407595e-46,21,0.00027465574730532293,div,TRASH_BROAD_GRAMMAR,false
40,133,4.0618673567641165e-46,(((((pi)-(((3)^2)^2))^2)^2)^-2)^3,4.061323877987701e-46,15,0.00013380022750148098,pow,TRASH_BROAD_GRAMMAR,false
40,134,1.74006211483404e-45,((((2 * alpha)^2)^3)^2)^2 * 1/5,1.7446881086801566e-45,18,0.0026585222485334455,mul,TRASH_BROAD_GRAMMAR,false
40,135,5.354967530200679e-46,2/5 * alpha^21,5.3521948041983455e-46,15,0.000517785773059551,alpha_family,SIBLING_PRE_EXP_TRUNCATION,false
40,136,9.073805604396351e-45,(((5)/(((4 * 5)^3)^3))^2)^2,9.094947017729284e-45,20,0.002329938975405158,pow,TRASH_BROAD_GRAMMAR,false
40,137,3.557943554940274e-45,(5 * exp((pi)^3 + 3/2))^-3,3.5579530962150684e-45,21,2.681682451438737e-6,pow,TRASH_BROAD_GRAMMAR,false
40,138,3.2481847737443216e-45,5/2 * alpha^21 * exp((-4)*alpha),3.2488909145331056e-45,27,0.00021739551102259582,alpha_exp_family,SIBLING_SHARED_ALPHA21,false
40,139,9.280574976212761e-46,((exp((e)-(4 * 5)))^2)^3,9.28690411859546e-46,19,0.0006819773989133999,pow,TRASH_BROAD_GRAMMAR,false
40,140,3.578017035225023e-46,((exp((2 + pi)^2))^2)^-2 * 3,3.573789454223748e-46,18,0.0011815430054286848,mul,TRASH_BROAD_GRAMMAR,false
40,141,1.3566516800468302e-44,(((((3)-(e))^3)^3)^3)^3 * 5,1.3613623785887113e-44,20,0.003472297724732434,mul,TRASH_BROAD_GRAMMAR,false
40,142,1.86493494379925e-46,(((((((1/5)^2)^2)^2)^2)^2)^2)/((pi)^2),1.8690459438955443e-46,15,0.0022043664900820866,div,TRASH_BROAD_GRAMMAR,false
40,143,4.9152528719168955e-46,(exp((pi)^3 + 4))^-3 * 2,4.9196206180891135e-46,20,0.0008886106749813398,mul,TRASH_BROAD_GRAMMAR,false
40,144,2.825046925437939e-45,(3/2)/((exp((1/4 + 3)^3))^3),2.821925047009288e-45,20,0.0011050713531659978,div,TRASH_BROAD_GRAMMAR,false
40,145,1.2172458983743039e-45,(exp((e + pi)^2))^-3 * 2/3,1.2171076198294724e-45,19,0.00011359951593689677,mul,TRASH_BROAD_GRAMMAR,false
40,146,7.726044520677718e-45,(4/3)/(((((4)^2 * e)^3)^3)^3),7.72232710210417e-45,21,0.0004811541745066683,div,TRASH_BROAD_GRAMMAR,false
40,147,8.663062173050995e-46,2/3 * alpha^21 * exp((-4)*alpha),8.663709105421614e-46,26,7.467710120230574e-5,alpha_exp_family,SIBLING_SHARED_ALPHA21,false
40,148,1.9750106194461094e-45,(2/5)/((exp((pi)^3 + 3))^3),1.9762644314540846e-45,20,0.0006348381095422997,div,TRASH_BROAD_GRAMMAR,false
40,149,4.604395563377851e-45,(exp((pi)^3 + e))^-3 * 2/5,4.6014106824596894e-45,21,0.0006482676992182898,mul,TRASH_BROAD_GRAMMAR,false
40,150,1.2960348170049248e-45,1 * alpha^21 * exp((-4)*alpha),1.2995563658132423e-45,24,0.0027171714541246667,alpha_exp_family,SIBLING_SHARED_ALPHA21,false
40,151,2.872379188895384e-45,(((mmu/me)^3 * 3)^-2)^3,2.874497253062544e-45,18,0.0007373901660854351,pow,TRASH_BROAD_GRAMMAR,false
40,152,1.712864607327718e-45,((((2 + 5)^3)^3)^-3 * e)^2,1.7111764830699726e-45,20,0.0009855561557658963,pow,TRASH_BROAD_GRAMMAR,false
40,153,3.3844616969143272e-46,((((alpha)^2 * e)^2)^2)^3 * 4,3.3850234653884815e-46,18,0.00016598458616517975,mul,TRASH_BROAD_GRAMMAR,false
40,154,8.47461066270926e-46,(((((5)/(alpha))^2)^2)^2)^-2 * 2,8.475302329960135e-46,18,8.161640438746787e-5,mul,TRASH_BROAD_GRAMMAR,false
40,155,1.3735768862359136e-45,((((5)^3 * e)^3)^-3)^2 * 5,1.37179462206296e-45,21,0.0012975350639726658,mul,TRASH_BROAD_GRAMMAR,false
40,156,6.493550710555878e-46,1/2 * alpha^21 * exp((-4)*alpha),6.4977818290662115e-46,25,0.0006515878136526572,alpha_exp_family,SIBLING_SHARED_ALPHA21,false
40,157,2.773088540565719e-45,((((4)^3)^-3 * e)^3)^3 * 2,2.7721775058609587e-45,21,0.00032852708863540084,mul,TRASH_BROAD_GRAMMAR,false
40,158,4.089491540539331e-45,3 * alpha^21 * exp((5/2)*alpha),4.088049778351634e-45,26,0.0003525529209206391,alpha_exp_family,SIBLING_SHARED_ALPHA21,false
40,159,1.3877756993589214e-44,(exp(5 * pi * pi) * pi)^-2,1.388522606881442e-44,21,0.0005382047854459792,pow,TRASH_BROAD_GRAMMAR,false
40,160,2.884973955696365e-46,(exp(pi))/(((exp((3)^3))^2)^2),2.8878345520432668e-46,17,0.000991550145974004,div,TRASH_BROAD_GRAMMAR,false
40,161,1.1547339266317194e-44,((((4)^2 * e)^-3)^3)^3 * 2,1.1583490653156256e-44,20,0.003130711413711801,mul,TRASH_BROAD_GRAMMAR,false
40,162,4.525993232469377e-46,1/3 * alpha^21 * exp((2)*alpha),4.52573442975883e-46,24,5.718141792394977e-5,alpha_exp_family,SIBLING_SHARED_ALPHA21,false
40,163,3.0562272925515517e-46,((exp((3)^3))^-2 * 3)^2 * e,3.0530431737234137e-46,19,0.0010418462121250284,mul,TRASH_BROAD_GRAMMAR,false
40,164,9.293935896431099e-45,((((5)^3 * 2)^3)^3 * e)^-2,9.300169847938377e-45,20,0.0006707547347804954,pow,TRASH_BROAD_GRAMMAR,false
40,165,1.03525048890801e-44,(((3 * mp/me)^-2)^2 * 2)^3,1.0250132006254642e-44,21,0.00988870654226317,pow,TRASH_BROAD_GRAMMAR,false
40,166,4.4096504255067163e-45,((((alpha)^2 * 3)^2)^3 * 4)^2,4.421228376222087e-45,18,0.002625593776867338,pow,TRASH_BROAD_GRAMMAR,false
40,167,4.175168673021971e-45,(e * exp((3/4 + 5)^2))^-3,4.173809570089706e-45,21,0.00032552048520749917,pow,TRASH_BROAD_GRAMMAR,false
40,168,5.461791183700933e-46,2/5 * alpha^21 * exp((3)*alpha),5.470657324703611e-46,26,0.0016233028148597327,alpha_exp_family,SIBLING_SHARED_ALPHA21,false
40,169,3.997643764107035e-46,((1/2 * exp((3)^3))^-2)^2 * 2,3.993428681321444e-46,19,0.0010543917953461357,mul,TRASH_BROAD_GRAMMAR,false
40,170,5.7084113842964895e-46,(e * exp((pi)^3 + e))^-3,5.727268705906003e-46,19,0.003303427230453027,pow,TRASH_BROAD_GRAMMAR,false
40,171,5.793759334260033e-46,(5/2)/(((((3 + 4)^3)^2)^3)^3),5.789563850102638e-46,21,0.0007241384937387157,div,TRASH_BROAD_GRAMMAR,false
40,172,1.0865269637242048e-44,(1/2)/((((((exp(pi))^2)^2)^2)^2)^2),1.0937716976066177e-44,15,0.0066677902383394765,div,TRASH_BROAD_GRAMMAR,false
40,173,3.261332121413075e-45,5/2 * alpha^21 * exp((-3)*alpha),3.272685931717509e-45,26,0.0034813413297858607,alpha_exp_family,SIBLING_SHARED_ALPHA21,false
40,174,8.917237999842545e-45,((exp((e)^3 * 5/3))^-3)/(e),8.923110252160146e-45,21,0.0006585281583494822,div,TRASH_BROAD_GRAMMAR,false
40,175,1.771595156897959e-45,4/3 * alpha^21 * exp((-1)*alpha),1.771093370499064e-45,25,0.00028323987957489964,alpha_exp_family,SIBLING_LOCAL_DEFORMATION,false
40,176,2.273716668244008e-46,((exp((1)-((3)^3)))^2)^2 * 1/3,2.271185607181767e-46,17,0.0011131822612690152,mul,TRASH_BROAD_GRAMMAR,false
40,177,1.132769755648644e-44,(e)/((((e * mp/me)^3)^2)^2),1.1372481190309235e-44,20,0.003953463058090786,div,TRASH_BROAD_GRAMMAR,false
40,178,1.832136233307839e-45,4/3 * alpha^21 * exp((4)*alpha),1.836908218300683e-45,27,0.0026046016153659073,alpha_exp_family,SIBLING_LOCAL_DEFORMATION,false
40,179,1.4737192052426364e-44,((exp((4)^2))^-2)^3 * alpha,1.482159926086135e-44,17,0.005727495993450677,mul,TRASH_BROAD_GRAMMAR,false
40,180,9.601280971962379e-45,(((1 + pi)/((alpha)^2))^3)^-3,9.604383600746465e-45,17,0.00032314737930772225,pow,TRASH_BROAD_GRAMMAR,false
40,181,5.844051059759211e-45,((((1/3)/(exp((e)^2)))^2)^3)^2,5.837534502948854e-45,15,0.00111507526948707,pow,TRASH_BROAD_GRAMMAR,false
40,182,6.3128137707298775e-46,((exp((3)^2 + e))^3)^-3 * 4,6.3007721080074386e-46,21,0.001907495319800437,mul,TRASH_BROAD_GRAMMAR,false
40,183,3.546765865439591e-46,((((4)^3 + 3 * 5)^-2)^3)^3,3.541550780740373e-46,21,0.0014703774923613597,pow,TRASH_BROAD_GRAMMAR,false
40,184,9.522456283578323e-46,(1)/(((5/2 * exp((5)^2))^2)^2),9.523394498613338e-46,19,9.852657834026144e-5,div,TRASH_BROAD_GRAMMAR,false
40,185,2.5213630338589943e-45,((exp((4)^2 + 1))^-2)^3 * 1/2,2.5172876793824924e-45,19,0.0016163299063937015,mul,TRASH_BROAD_GRAMMAR,false
40,186,2.2031901164098665e-45,(pi)/(((exp(2))-(e * e))^-3),2.201154480504752e-45,21,0.0009239492724447925,div,TRASH_BROAD_GRAMMAR,false
40,187,7.317419299282455e-45,((((5)^2)^3 * 3)^3 * 5)^-3,7.321810093779194e-45,21,0.0006000468631296004,pow,TRASH_BROAD_GRAMMAR,false
40,188,7.491259089320022e-45,(((pi)^3)^2 * exp((3)^3))^-3,7.472213242836686e-45,18,0.0025424092607460747,pow,TRASH_BROAD_GRAMMAR,false
40,189,1.5362555803491135e-45,((((3)/((alpha)^-1))^3)^3)^3,1.5407698642947718e-45,15,0.0029384979969494978,pow,TRASH_BROAD_GRAMMAR,false
40,190,9.628536727126692e-46,((((((1/3)-((3)^2))^2)^2)^2)^-2)^3,9.618326689658585e-46,15,0.0010603934696890639,pow,TRASH_BROAD_GRAMMAR,false
40,191,1.846157329779018e-46,(3/4)/((exp((pi)^3 + 4))^3),1.8448577317834176e-46,21,0.0007039475859600931,div,TRASH_BROAD_GRAMMAR,false
40,192,6.197835936425674e-45,(((exp((5)^2))^-2)^2)/(1 + 5),6.20012662670139e-45,19,0.00036959517793188896,div,TRASH_BROAD_GRAMMAR,false
40,193,9.982265067197336e-45,(e)/((((((1 + pi)^2)^3)^2)^2)^3),9.959625430830423e-45,17,0.002267985894434826,div,TRASH_BROAD_GRAMMAR,false
40,194,2.0272636111541416e-46,((((alpha)^3 * 5)^2)^2)^2,2.031084276596269e-46,14,0.00188464165247468,pow,TRASH_BROAD_GRAMMAR,false
40,195,4.0645110731384546e-45,3 * alpha^21 * exp((3/2)*alpha),4.058326420609352e-45,25,0.001521622753097173,alpha_exp_family,SIBLING_SHARED_ALPHA21,false
40,196,6.43991286238352e-46,((((alpha)/(5/2))^2)^3)^3 * e,6.432062531315618e-46,19,0.001219012001506561,mul,TRASH_BROAD_GRAMMAR,false
40,197,1.0728883524085757e-45,((((e)^3)^3)^3 * mp/me)^-3,1.0725575340397754e-45,21,0.0003083437042239213,pow,TRASH_BROAD_GRAMMAR,false
40,198,1.990675284927066e-45,3/2 * alpha^21 * exp((-1)*alpha),1.992480041811447e-45,24,0.0009066053605258572,alpha_exp_family,SIBLING_SHARED_ALPHA21,false
40,199,4.506122764594183e-45,(exp(((5/3)-(5))^3 + 3))^3,4.505135974487895e-45,21,0.00021898873107536015,pow,TRASH_BROAD_GRAMMAR,false
40,200,9.43760318551166e-46,(exp((5)-((4)^2) * pi))^3,9.453232147920063e-46,19,0.0016560308905969713,pow,TRASH_BROAD_GRAMMAR,false
40,201,4.319572275227826e-46,(((exp((3)^3))/(4))^2 * e)^-2,4.323614413374802e-46,20,0.0009357727778180983,pow,TRASH_BROAD_GRAMMAR,false
40,202,1.5487922555170564e-45,(4 * exp((pi)^3 + 2))^-3,1.5505598518731834e-45,20,0.0011412740151756974,pow,TRASH_BROAD_GRAMMAR,false
40,203,6.08955307140919e-45,((exp((e)^2 + 4))^-3)^3 * 2,6.0980647998272e-45,21,0.0013977591324349655,mul,TRASH_BROAD_GRAMMAR,false
40,204,1.1672702726939715e-44,(5 * exp((2/3 + 5)^2))^-3,1.1642731900209339e-44,21,0.002567599589528304,pow,TRASH_BROAD_GRAMMAR,false
40,205,1.2839348569232579e-45,((((5)^-3 * e)^-3)^-3)^3,1.286413710688101e-45,19,0.0019306694194620342,pow,TRASH_BROAD_GRAMMAR,false
40,206,5.589815678024079e-45,((((4/5 + e)^-3)^-3)^3)^-3,5.587523406620865e-45,21,0.00041007996242623234,pow,TRASH_BROAD_GRAMMAR,false
40,207,6.416344766996494e-46,((((3 * mp/me)^2)^-2)^3)/(2),6.406332503909151e-46,21,0.0015604309698011513,div,TRASH_BROAD_GRAMMAR,false
40,208,1.2559465970563162e-44,((((3/2 + 5)^-3)^3)^2)^3,1.266714498154342e-44,17,0.00857353419585171,pow,TRASH_BROAD_GRAMMAR,false
40,209,2.0724255255549665e-45,3/2 * alpha^21 * exp((4)*alpha),2.0665217455882686e-45,26,0.0028487296136332782,alpha_exp_family,SIBLING_SHARED_ALPHA21,false
40,210,1.9602739201070282e-45,3/2 * alpha^21 * exp((-3)*alpha),1.9636115590305056e-45,25,0.0017026390491871656,alpha_exp_family,SIBLING_SHARED_ALPHA21,false
40,211,1.5072714781109052e-45,((exp((5)^2 + 4/5))^2)^-2,1.516384957495807e-45,18,0.006046342359190512,pow,TRASH_BROAD_GRAMMAR,false
40,212,9.245446816367288e-46,(((3 * alpha)^3)^3)^3 * 3/5,9.24461918576867e-46,20,8.951764204117037e-5,mul,TRASH_BROAD_GRAMMAR,false
40,213,1.2539475308310984e-44,(e * exp((3 + e)^2))^-3,1.2429690125885463e-44,18,0.00875516556524159,pow,TRASH_BROAD_GRAMMAR,false
40,214,3.562157677947651e-46,(3)/(((exp((2 + pi)^2))^2)^2),3.573789454223748e-46,17,0.003265373778400023,div,TRASH_BROAD_GRAMMAR,false
40,215,3.964400956426166e-46,((4 * exp((5)^2))^2)^-2 * e,3.950083955509563e-46,20,0.00361139074325857,mul,TRASH_BROAD_GRAMMAR,false
40,216,7.840660943833894e-45,(5)/((exp((3)^3 + (e)^2))^3),7.834983738993173e-45,20,0.0007240722282712382,div,TRASH_BROAD_GRAMMAR,false
40,217,9.170345846635233e-45,((((4)^3)^-3 * 3)^3)^3 * e,9.152220542029643e-45,21,0.001976512653799307,mul,TRASH_BROAD_GRAMMAR,false
40,218,2.075437417163622e-45,3/2 * alpha^21 * exp((5)*alpha),2.08165703998312e-45,26,0.002996776856802488,alpha_exp_family,SIBLING_SHARED_ALPHA21,false
40,219,2.1635119250977153e-46,(((exp((1)-((3)^3)))^2)^2)/(pi),2.1688224963728754e-46,17,0.0024546068887141685,div,TRASH_BROAD_GRAMMAR,false
40,220,5.924946076486608e-46,((((2/3 + 3)^3)^3)^3)^-3 * 3,5.903851011753072e-46,21,0.003560380881313426,mul,TRASH_BROAD_GRAMMAR,false
40,221,2.7243269995596077e-45,2 * alpha^21 * exp((5/2)*alpha),2.725366518901089e-45,26,0.0003815692248578938,alpha_exp_family,SIBLING_SHARED_ALPHA21,false
40,222,2.0486360432187438e-45,3/2 * alpha^21 * exp((3)*alpha),2.051496496763854e-45,25,0.0013962721951410694,alpha_exp_family,SIBLING_SHARED_ALPHA21,false
40,223,1.519226132484977e-44,(3 * exp(5 * pi * pi))^-2,1.522685425765461e-44,21,0.002277010121479358,pow,TRASH_BROAD_GRAMMAR,false
40,224,7.369382276047205e-45,(((((4)^3 + 5)^-3)^2)^2)^2,7.372619529029915e-45,17,0.0004392841708364538,pow,TRASH_BROAD_GRAMMAR,false
40,225,8.599256821701412e-45,((((1/3)^-3)^3 * 4)^-3)^3,8.60277265063649e-45,18,0.000408852649476137,pow,TRASH_BROAD_GRAMMAR,false
40,226,4.3279264052493304e-46,1/3 * alpha^21 * exp((-4)*alpha),4.331854552710807e-46,25,0.0009076280633405037,alpha_exp_family,SIBLING_SHARED_ALPHA21,false
40,227,7.303316062183826e-46,((exp((e + pi)^2))^-3)/(5/2),7.302645718976835e-46,20,9.178614225151278e-5,div,TRASH_BROAD_GRAMMAR,false
40,228,3.489058375432701e-46,(3)/(((((4)^2 * pi)^3)^3)^3),3.4900782179607028e-46,19,0.00029229735311474514,div,TRASH_BROAD_GRAMMAR,false
40,229,4.918004705288018e-46,(exp((pi)^3 + 4))^-3 * 2,4.9196206180891135e-46,20,0.0003285708123373122,mul,TRASH_BROAD_GRAMMAR,false
40,230,3.3779143077648935e-45,((exp(3/5 + 5 * 5))^-2)^2,3.3747767862572197e-45,21,0.0009288339554563577,pow,TRASH_BROAD_GRAMMAR,false
40,231,2.3185689704188886e-45,(2/2)/((exp((1/4)/(alpha)))^3),2.3148152337825184e-45,19,0.0016189885590041314,div,TRASH_BROAD_GRAMMAR,false
40,232,3.9671277084490205e-46,((4 * exp((5)^2))^2)^-2 * e,3.950083955509563e-46,20,0.0042962450901588775,mul,TRASH_BROAD_GRAMMAR,false
40,233,7.93223285058304e-46,(5 * exp((pi)^3 + 2))^-3,7.9388664415907e-46,20,0.0008362829398248872,pow,TRASH_BROAD_GRAMMAR,false
40,234,1.0375354800909218e-44,(2 * exp((3/4 + 5)^2))^-3,1.0479150778798853e-44,21,0.010004089487189338,pow,TRASH_BROAD_GRAMMAR,false
40,235,3.6964591590852815e-45,(2)/(((((((1/5)^2)^2)^2)^2)^2)^-2),3.689348814741937e-45,15,0.0019235554992859765,div,TRASH_BROAD_GRAMMAR,false
40,236,6.458567895004864e-46,((((((1/3)^2)/(2))^2)^2)^3)^3,6.4593648560515705e-46,14,0.00012339593849013987,pow,TRASH_BROAD_GRAMMAR,false
40,237,1.1258490435146287e-45,(3/5)/((exp((1/4 + 3)^3))^3),1.128770018803715e-45,21,0.0025944644230169313,div,TRASH_BROAD_GRAMMAR,false
40,238,2.436606501053989e-46,(5 + exp((pi)^3 + 4))^-3,2.459810309044534e-46,21,0.009523001756954952,pow,TRASH_BROAD_GRAMMAR,false
40,239,1.3300260665736217e-45,5/5 * alpha^21 * exp((-1)*alpha),1.328320027874298e-45,26,0.001282710724398562,alpha_exp_family,SIBLING_SHARED_ALPHA21,false
40,240,4.878401067748756e-45,((((((3)^2)^2)^2)^-2)^2 * pi)^3,4.873143103985386e-45,15,0.0010778047336310456,pow,TRASH_BROAD_GRAMMAR,false
40,241,1.1681519898081833e-45,((exp(2))-((e)^2))^3 * 5/3,1.167748720270681e-45,19,0.00034522009209483656,mul,TRASH_BROAD_GRAMMAR,false
40,242,8.712636848062186e-45,((((2 * alpha)^-2)^-2)^2)^3,8.723440543400765e-45,15,0.0012400029436532556,pow,TRASH_BROAD_GRAMMAR,false
40,243,4.980732630256275e-46,(((exp((5)^2))^2 * 5)^-2)/(3),4.9601013013611126e-46,20,0.004142227745740458,div,TRASH_BROAD_GRAMMAR,false
40,244,2.8472911018090537e-46,(((((3)-(pi))^2)^3)^3)^3 * 2,2.86568814479032e-46,18,0.006461244152232197,mul,TRASH_BROAD_GRAMMAR,false
40,245,3.292201582109513e-45,(2/3)/((exp((pi)^3 + 3))^3),3.293774052423474e-45,19,0.0004776348819301464,div,TRASH_BROAD_GRAMMAR,false
40,246,2.8617918612865372e-46,(((((3)-(pi))^2)^3)^3)^3 * 2,2.86568814479032e-46,18,0.001361483885844628,mul,TRASH_BROAD_GRAMMAR,false
40,247,4.678326179012223e-46,(((exp(2))-(e * e))^3)/(3/2),4.670994881082723e-46,21,0.001567077123093516,div,TRASH_BROAD_GRAMMAR,false
40,248,1.903853821873628e-46,((((1 + e)^3)^-3)^3)^3 * 3,1.902806454008237e-46,19,0.0005501304004318655,mul,TRASH_BROAD_GRAMMAR,false
40,249,7.319231930859795e-45,((((5)^2)^3 * 3)^3 * 5)^-3,7.321810093779194e-45,21,0.000352245009278739,pow,TRASH_BROAD_GRAMMAR,false
40,250,1.2787878555885018e-45,((((1/3)/(mp/me))^2)^3)^2,1.281266500781827e-45,16,0.0019382770820766044,pow,TRASH_BROAD_GRAMMAR,false
40,251,5.131790171122508e-46,((((3 * alpha)^3)^3)^3)/(3),5.135899547649261e-46,18,0.0008007686186931155,div,TRASH_BROAD_GRAMMAR,false
40,252,1.9217895291079347e-45,(((3 * alpha)^3)^3)^3 * 5/4,1.9259623303684728e-45,21,0.0021713102279597826,mul,TRASH_BROAD_GRAMMAR,false
40,253,2.8529828624925475e-45,(e)/((exp(exp(2/5 + pi)))^3),2.859820367851137e-45,21,0.0023966163444163525,div,TRASH_BROAD_GRAMMAR,false
40,254,1.141766374482545e-44,(((5/2 * mp/me)^-3)^2)^2,1.1423900821956253e-44,19,0.0005462656170470099,pow,TRASH_BROAD_GRAMMAR,false
40,255,1.0791637807872545e-44,(((alpha * pi)^3)^3)^3 * 2,1.070386089664225e-44,18,0.008133789587180234,mul,TRASH_BROAD_GRAMMAR,false
40,256,2.225959028342949e-45,((exp((e)-((e)^3)))^2)^3 * 4,2.223523227939899e-45,20,0.0010942700975333343,mul,TRASH_BROAD_GRAMMAR,false
