budget,sham_index,sham_value,best_expr,best_value,best_cost,rel_err,family,sibling_or_trash,matches_or_beats_g
20,1,1.1549536898639945e-45,(((1/5)/(((3)^3)^3))^3)^3,1.1546445996689718e-45,16,0.00026762128883207046,pow,TRASH_BROAD_GRAMMAR,true
20,2,1.6071702871314295e-44,(((alpha * pi)^3)^3)^3 * 3,1.6055791344963377e-44,18,0.0009900336310546213,mul,TRASH_BROAD_GRAMMAR,false
20,3,1.8714554696405263e-45,(exp((1/4 + 3)^3))^-3,1.8812833646728582e-45,16,0.005251471483967301,pow,TRASH_BROAD_GRAMMAR,false
20,4,6.943231774669741e-45,(3)/((exp((1/4)/(alpha)))^3),6.944445701347555e-45,18,0.00017483597224025985,div,TRASH_BROAD_GRAMMAR,true
20,5,1.2831276472986659e-44,((((3/2 + 5)^3)^-3)^3)^2,1.266714498154343e-44,17,0.012791517023950783,pow,TRASH_BROAD_GRAMMAR,false
20,6,1.4107297519635371e-44,(((2/5)/(((pi)^3)^3))^3)^3,1.4105881584538104e-44,17,0.00010036898245721992,pow,TRASH_BROAD_GRAMMAR,true
20,7,6.535926287514747e-45,(((((alpha)/(2))^3)^3)^2)/(2),6.567589720952064e-45,17,0.0048445211962997135,div,TRASH_BROAD_GRAMMAR,false
20,8,8.791070224053722e-45,(e)/((exp((pi)^3 + pi))^3),8.78214939120259e-45,18,0.0010147607314890507,div,TRASH_BROAD_GRAMMAR,false
20,9,5.120162421464113e-45,((((4)^3)^-3 * pi)^3)^3,5.099053359236339e-45,17,0.004122732931143653,pow,TRASH_BROAD_GRAMMAR,false
20,10,1.412727072461089e-44,(((2/5)/(((pi)^3)^3))^3)^3,1.4105881584538104e-44,17,0.0015140320087109337,pow,TRASH_BROAD_GRAMMAR,false
20,11,1.1635187417635144e-45,((e)^2)/(((((((3)^2)^2)^2)^2)^2)^3),1.161310922454068e-45,15,0.0018975365245084465,div,TRASH_BROAD_GRAMMAR,false
20,12,2.181562859353305e-45,((exp(2))-((e)^2))^3 * pi,2.201154480504752e-45,17,0.00898054395611355,mul,TRASH_BROAD_GRAMMAR,false
20,13,4.8108061801297614e-46,((((2)/((((pi)^3)^2)^2))^2)^2)^2,4.80675721298054e-46,14,0.0008416400490098723,pow,TRASH_BROAD_GRAMMAR,false
20,14,2.4224607725174274e-45,(((pi)/(exp((3)^3)))^2)^2 * 2,2.431226612228979e-45,18,0.003618568280237663,mul,TRASH_BROAD_GRAMMAR,false
20,15,3.1226439902211784e-45,(((exp(e * pi))^-3)^2)^2,3.1252632281509375e-45,15,0.0008387885195883454,pow,TRASH_BROAD_GRAMMAR,false
20,16,1.978016652946469e-46,((((2/3 + 3)^-3)^3)^3)^3,1.9679503372510285e-46,17,0.005089095524269432,pow,TRASH_BROAD_GRAMMAR,false
20,17,1.7848902294664108e-45,4/3 * alpha^21,1.7840649347327815e-45,15,0.0004623784252973433,alpha_family,SIBLING_PRE_EXP_TRUNCATION,false
20,18,7.275297967276395e-46,((((((((1)-(e))^2)^2)^2)^2)^2)^3)^-2,7.275715742346166e-46,15,5.742377448316453e-5,pow,TRASH_BROAD_GRAMMAR,true
20,19,1.3955124427749496e-44,((exp(2))-((e)^2) * e)^3,1.4072916022801143e-44,17,0.008440741296252458,pow,TRASH_BROAD_GRAMMAR,false
20,20,2.0714294191930774e-46,((((pi)^3)^3 * 4)^-3)^3,2.052675930395794e-46,17,0.009053404679648094,pow,TRASH_BROAD_GRAMMAR,false
20,21,9.389226455488126e-46,((((alpha)^2)^2)^2 * ((1/4)^3)^3)^2,9.40947578738098e-46,17,0.0021566560343231067,pow,TRASH_BROAD_GRAMMAR,false
20,22,1.1281420727110122e-44,(e)/(((exp((5)^2))^2 * 3)^2),1.1235794362338312e-44,18,0.004044381100171767,div,TRASH_BROAD_GRAMMAR,false
20,23,5.874038660456768e-45,((((mtau/me)^-3)/(e))^2)^2,5.861665857081411e-45,17,0.0021063537525977697,pow,TRASH_BROAD_GRAMMAR,false
20,24,1.5795569627456903e-44,(exp(((pi)-(3))^-2))^-2 * 1/3,1.5792395128150108e-44,18,0.00020097403143206044,mul,TRASH_BROAD_GRAMMAR,true
20,25,4.806072463228433e-45,(((alpha)^2 * 1/5)^3)^3 * e,4.7922600294020895e-45,18,0.0028739545506280277,mul,TRASH_BROAD_GRAMMAR,false
20,26,2.4615435208940228e-45,(((((((5)^-2)^2)^2)^2)^2)^2)/(3/4),2.4595658764946238e-45,17,0.0008034163859433789,div,TRASH_BROAD_GRAMMAR,false
20,27,2.461691726631582e-46,(1)/((exp((2)^2 + (pi)^3))^3),2.459810309044557e-46,18,0.0007642783077470159,div,TRASH_BROAD_GRAMMAR,false
20,28,9.453242468349333e-46,((((pi)^-3 * 2/3)^3)^3)^3,9.471010482132457e-46,17,0.0018795681844206945,pow,TRASH_BROAD_GRAMMAR,false
20,29,1.6418607460256443e-44,((3)^2)/((exp((e + pi)^2))^3),1.6430952867697878e-44,18,0.0007519156220354763,div,TRASH_BROAD_GRAMMAR,false
20,30,1.1453423643791628e-45,(3)/(((exp((5)^2) * pi)^2)^2),1.145707018677222e-45,18,0.0003183801712047714,div,TRASH_BROAD_GRAMMAR,true
20,31,1.3158131225441024e-45,((((alpha)^2 * pi)^2)^3)^2 * e,1.306353952710556e-45,17,0.007188839867516515,mul,TRASH_BROAD_GRAMMAR,false
20,32,6.600370105882219e-45,(((alpha)^2 * 1/4)^3)^3 * 1/2,6.567589720952066e-45,18,0.004966446487741639,mul,TRASH_BROAD_GRAMMAR,false
20,33,1.0663688703035604e-45,4/5 * alpha^21,1.0704389608396691e-45,16,0.0038167754605871545,alpha_family,SIBLING_PRE_EXP_TRUNCATION,false
20,34,8.246907809606083e-46,((((alpha)^2 * 3)^2)^2)^3 * 3,8.289803205416413e-46,17,0.005201391454911782,mul,TRASH_BROAD_GRAMMAR,false
20,35,1.2253877017879754e-44,((1 + exp((5)^2))^-2)^2 * 1/3,1.2400253252713924e-44,18,0.011945299811691523,mul,TRASH_BROAD_GRAMMAR,false
20,36,7.838357374870898e-45,((((3)^3 + (4)^2)^3)^3)^-3,7.876834114369206e-45,18,0.004908775864400023,pow,TRASH_BROAD_GRAMMAR,false
20,37,1.6800870195041836e-44,(((alpha * pi)^3)^3)^3 * pi,1.6813585378969175e-44,18,0.000756816985056628,mul,TRASH_BROAD_GRAMMAR,false
20,38,2.2792276631167416e-45,(((((pi)/(((e)^2)^2))^2)^3)^3)^2,2.2855462967472066e-45,15,0.002772269630066066,pow,TRASH_BROAD_GRAMMAR,false
20,39,2.156563579403361e-46,(((alpha * e)^3)^3)^3 * 2,2.1500319078845372e-46,18,0.003028740530168239,mul,TRASH_BROAD_GRAMMAR,false
20,40,5.981471983064249e-46,(((2)/(exp((3)^3)))^2)^2 * 3,5.990143021982166e-46,18,0.0014496496752752462,mul,TRASH_BROAD_GRAMMAR,false
20,41,2.921562181413435e-45,((((2 * alpha)^2)^2)^3)^2 * 1/3,2.907813514466928e-45,17,0.004705929941855963,mul,TRASH_BROAD_GRAMMAR,false
20,42,1.9446966240593868e-46,((((3)/(exp((pi)^2)))^2)^2)^3,1.948400790506704e-46,15,0.0019047528552732285,pow,TRASH_BROAD_GRAMMAR,false
20,43,2.5414300888230133e-46,((((alpha)^2 * e)^3)^2)^2 * 3,2.5387675990413613e-46,17,0.0010476344768882103,mul,TRASH_BROAD_GRAMMAR,false
20,44,2.417033802341915e-46,(2)/(((exp((2 + pi)^2))^2)^2),2.3825263028158322e-46,17,0.01427679641577523,div,TRASH_BROAD_GRAMMAR,false
20,45,3.494214417514351e-45,((exp(2))-((e)^2))^3 * 5,3.5032461608120427e-45,18,0.002584770772057133,mul,TRASH_BROAD_GRAMMAR,false
20,46,8.920219690830909e-45,((((((1/4)^2)^2)^2)^3)^3)/(5),8.96831017167883e-45,16,0.005391176732715767,div,TRASH_BROAD_GRAMMAR,false
20,47,2.9124145942863408e-46,(((alpha * e)^3)^3)^3 * e,2.9221963329048346e-46,18,0.003358635352838795,mul,TRASH_BROAD_GRAMMAR,false
20,48,5.838963754038997e-46,((((((1/3)^2)^2)^2)^2)^2)^3 * 1 + e,5.8438875579478665e-46,17,0.0008432667364074127,mul,TRASH_BROAD_GRAMMAR,false
20,49,1.0800192933150413e-44,(((alpha * pi)^3)^3)^3 * 2,1.070386089664225e-44,18,0.00891947367092657,mul,TRASH_BROAD_GRAMMAR,false
20,50,1.1663692264903151e-45,((e)^2)/(((((((3)^2)^2)^2)^2)^2)^3),1.161310922454068e-45,15,0.004336794834229183,div,TRASH_BROAD_GRAMMAR,false
20,51,8.912729130252355e-45,((((((1/4)^2)^2)^2)^3)^3)/(5),8.96831017167883e-45,16,0.006236141659216058,div,TRASH_BROAD_GRAMMAR,false
20,52,5.656047997635633e-45,(((((1 + exp(pi))^2)^2)^-2)^2)^2,5.649483595825039e-45,15,0.0011605986747881243,pow,TRASH_BROAD_GRAMMAR,false
20,53,1.1401462220718053e-45,(3)/(((exp((5)^2) * pi)^2)^2),1.145707018677222e-45,18,0.004877266176711874,div,TRASH_BROAD_GRAMMAR,false
20,54,1.0389764891568209e-45,(e)/(((exp((5)^2) * pi)^2)^2),1.0381181898694267e-45,18,0.0008261007793262731,div,TRASH_BROAD_GRAMMAR,false
20,55,1.7877861600497952e-46,((((exp(5))/(3))^-3)^3)^3,1.7886230388100725e-46,18,0.0004681089824825466,pow,TRASH_BROAD_GRAMMAR,false
20,56,1.7334986537480716e-44,((((2 * alpha)^2)^3)^2)^2 * 2,1.7446881086801564e-44,17,0.006454839124271347,mul,TRASH_BROAD_GRAMMAR,false
20,57,1.7922109369980877e-45,(((((1/4)^2)^2)^2)^3)^3 * (1/5)^2,1.7936620343357662e-45,17,0.0008096688329048168,mul,TRASH_BROAD_GRAMMAR,false
20,58,6.143282681479677e-45,((exp((1)-((3)^3)))^2 * 3)^2,6.132201139390771e-45,17,0.0018038470087521198,pow,TRASH_BROAD_GRAMMAR,false
20,59,1.5924519656159248e-45,((exp(exp(1/4 + 3)))^2)^-2,1.5761253356335743e-45,17,0.01025251017605151,pow,TRASH_BROAD_GRAMMAR,false
20,60,6.619169626737085e-45,(((e)/(((pi)^-3)^3))^3)^-3,6.640640574713672e-45,17,0.003243752492738513,pow,TRASH_BROAD_GRAMMAR,false
20,61,2.081139966915765e-45,((exp(2))-((e)^2))^3 * 3,2.1019476964872256e-45,17,0.009998236496460929,mul,TRASH_BROAD_GRAMMAR,false
20,62,7.833741494624107e-46,((((((1/3)^-3)^2)^-2)^2)^2)^2 * 5,7.858317130804616e-46,17,0.0031371517936064036,mul,TRASH_BROAD_GRAMMAR,false
20,63,1.3538912079052238e-44,((e)/((((((5)^2)^2)^2)^2)^2))^2,1.3630402680325633e-44,14,0.006757603619787988,pow,TRASH_BROAD_GRAMMAR,false
20,64,4.299674482320482e-46,(((((pi)-(3))^3)^3)^2)^3 * 3,4.298532217185483e-46,18,0.00026566316582696443,mul,TRASH_BROAD_GRAMMAR,true
20,65,7.17390810387115e-45,(pi)/((exp((1/4)/(alpha)))^3),7.2722065328689e-45,18,0.013702214688909337,div,TRASH_BROAD_GRAMMAR,false
20,66,5.8813287713622614e-46,(((alpha)^2 * 1/5)^3)^3 * 1/3,5.876579805215601e-46,18,0.0008074648317203655,mul,TRASH_BROAD_GRAMMAR,false
20,67,1.9884015962344307e-45,(((exp(3 + e))^2)^3)^-3,1.9882528185733235e-45,16,7.482274274418762e-5,pow,TRASH_BROAD_GRAMMAR,true
20,68,2.0983130430407635e-46,((((alpha)/(e))^3)^2)^3 * 4,2.0976607359754912e-46,18,0.00031087213961507706,mul,TRASH_BROAD_GRAMMAR,true
20,69,4.313015678000564e-46,(((((pi)-(3))^3)^3)^2)^3 * 3,4.298532217185483e-46,18,0.0033580821161760697,mul,TRASH_BROAD_GRAMMAR,false
20,70,1.85302245024084e-45,((exp((1)-((3)^3)))^2)^2 * e,1.852116769517976e-45,17,0.0004887586347084987,mul,TRASH_BROAD_GRAMMAR,false
20,71,4.7967323539324966e-46,(((3/2)/((exp(4))^3))^3)^3,4.7975254354522745e-46,18,0.00016533787196356807,pow,TRASH_BROAD_GRAMMAR,true
20,72,2.7853934628231874e-46,((e)/((exp((3)^3))^2))^2 * 3,2.7663439268777613e-46,18,0.006839082592704193,mul,TRASH_BROAD_GRAMMAR,false
20,73,3.225085440813665e-45,((((4 * 5/3)^3)^-2)^3)^3,3.227958844833611e-45,18,0.0008909543863808753,pow,TRASH_BROAD_GRAMMAR,false
20,74,2.3200645665583245e-45,((4)/((exp((5)^2))^-2))^-2,2.325047485013021e-45,17,0.0021477499059814283,pow,TRASH_BROAD_GRAMMAR,false
20,75,2.3774624827436897e-46,(((exp(1/2))^2)-(e))^3 * e,2.3807025948885723e-46,17,0.0013628447003476622,mul,TRASH_BROAD_GRAMMAR,false
20,76,8.508140603988889e-45,(e)/((((exp(e * pi))^2)^2)^3),8.495346242233951e-45,18,0.001503778833760638,div,TRASH_BROAD_GRAMMAR,false
20,77,8.978603020983046e-46,((((((1/3)^2)^2)^2)^2)^2)^3 * 3 + e,8.987214410269724e-46,18,0.0009591012395306199,mul,TRASH_BROAD_GRAMMAR,false
20,78,9.070857384110601e-45,(((3)/((exp((3)^2))^2))^3)^2,9.097529714635414e-45,15,0.0029404420547427665,pow,TRASH_BROAD_GRAMMAR,false
20,79,3.32728385285731e-45,(((alpha * e)^3)^3 * pi)^3,3.333224210367042e-45,18,0.0017853473801553608,pow,TRASH_BROAD_GRAMMAR,false
20,80,3.8078113614139836e-46,((exp((5)^2) * pi)^-2)^2,3.819023395590739e-46,15,0.0029444825682204425,pow,TRASH_BROAD_GRAMMAR,false
20,81,5.180881357895839e-45,((exp(2))-((e)^2))^3 * (e)^2,5.1771364821207214e-45,18,0.0007228260051564522,mul,TRASH_BROAD_GRAMMAR,false
20,82,4.1520113309942844e-46,((((((((2/3)^2)^2)^2)^2)^2)^2)^2)^2 * 1/2,4.1649298030870535e-46,16,0.003111376887710835,mul,TRASH_BROAD_GRAMMAR,false
20,83,1.606772402733571e-44,(((alpha * pi)^3)^3)^3 * 3,1.6055791344963377e-44,18,0.0007426491986065876,mul,TRASH_BROAD_GRAMMAR,false
20,84,8.936591069475415e-45,((((((1/4)^2)^2)^2)^3)^3)/(5),8.96831017167883e-45,16,0.0035493514201133166,div,TRASH_BROAD_GRAMMAR,false
20,85,3.035411073036028e-45,(((3)/(exp((3)^3)))^2)^2 * 3,3.032509904878472e-45,18,0.0009557743869776937,mul,TRASH_BROAD_GRAMMAR,false
20,86,6.775045623825026e-45,(((((((5)^2)-(1))^-2)^2)^2)^2)^2,6.811460856968223e-45,14,0.005374905965967171,pow,TRASH_BROAD_GRAMMAR,false
20,87,2.845176500184011e-45,((((pi)^-3)^3)^3)^3 * (alpha)^2,2.865437702489782e-45,18,0.007121246187876566,mul,TRASH_BROAD_GRAMMAR,false
20,88,2.642211655130106e-46,(((2/3)-(1))^-1 + 3)^3 * 3,2.627434620609032e-46,18,0.005592676306753526,mul,TRASH_BROAD_GRAMMAR,false
20,89,7.992163903668099e-46,(((2)/((((e)^3)^3)^2))^2)^3,7.986857362642941e-46,15,0.0006639679927888495,pow,TRASH_BROAD_GRAMMAR,false
20,90,8.801027670315612e-46,((e)/((exp((2 + pi)^2))^2))^2,8.802310254342007e-46,17,0.00014573116622739726,pow,TRASH_BROAD_GRAMMAR,true
20,91,2.5026225493412595e-46,((e)^3)/(((exp((1/3)^-3))^2)^2),2.5065674758999165e-46,17,0.0015763170357813085,div,TRASH_BROAD_GRAMMAR,false
20,92,2.431031957822347e-46,(exp((pi)^3 + 4))^-3,2.4598103090445568e-46,16,0.011837915634802573,pow,TRASH_BROAD_GRAMMAR,false
20,93,2.847393033330373e-45,((((pi)^-3)^3)^3)^3 * (alpha)^2,2.865437702489782e-45,18,0.006337259713775244,mul,TRASH_BROAD_GRAMMAR,false
20,94,1.022120535949611e-45,(((3)/((((e)^3)^3)^3))^2)^2,1.0108366349594969e-45,15,0.01103969697627752,pow,TRASH_BROAD_GRAMMAR,false
20,95,4.299948439315215e-46,(((((pi)-(3))^3)^3)^2)^3 * 3,4.298532217185483e-46,18,0.00032935793294240677,mul,TRASH_BROAD_GRAMMAR,true
20,96,4.7672243425750466e-45,((((alpha)^2 * pi)^2)^3 * pi)^2,4.743142004654297e-45,17,0.005051647707382924,pow,TRASH_BROAD_GRAMMAR,false
20,97,2.3114216257089537e-46,((((2 + 5)^-2)^3)^3)^3,2.315825540041047e-46,16,0.0019052838664787215,pow,TRASH_BROAD_GRAMMAR,false
20,98,1.27961732886167e-45,((((1/3)/(mp/me))^2)^3)^2,1.281266500781827e-45,16,0.0012888008648835403,pow,TRASH_BROAD_GRAMMAR,false
20,99,5.28481257470612e-46,((((((1/3)^2)^2)^2)^2)^2 * 3/2)^3,5.304364063293134e-46,15,0.003699561396101458,pow,TRASH_BROAD_GRAMMAR,false
20,100,3.7391509163732894e-46,(pi)/(((exp((2 + pi)^2))^2)^2),3.7424635649553344e-46,17,0.0008859360470152027,div,TRASH_BROAD_GRAMMAR,false
20,101,1.9941605600257588e-46,(pi)/(((((1 + e)^3)^3)^3)^3),1.992614259038507e-46,18,0.0007754144868012688,div,TRASH_BROAD_GRAMMAR,false
20,102,2.3354568827424145e-45,(alpha)/((((mtau/me)^2)^2)^3),2.3354163435033942e-45,17,1.7358162045226418e-5,div,TRASH_BROAD_GRAMMAR,true
20,103,5.409994109298685e-45,4 * alpha^21,5.352194804198345e-45,14,0.010683801854977007,alpha_family,SIBLING_PRE_EXP_TRUNCATION,false
20,104,6.1154177209917925e-46,((((alpha)^3 * 5)^2)^2)^2 * 3,6.093252829788806e-46,18,0.0036244279972736768,mul,TRASH_BROAD_GRAMMAR,false
20,105,5.669058577684862e-45,(((((1 + exp(pi))^2)^2)^-2)^2)^2,5.649483595825039e-45,15,0.0034529510661393736,pow,TRASH_BROAD_GRAMMAR,false
20,106,3.9843671058946456e-45,(((alpha)^2)^3 * alpha)^3 * 3,4.0141461031487566e-45,18,0.007473959216773645,mul,TRASH_BROAD_GRAMMAR,false
20,107,1.7399896125155942e-44,((((2 * alpha)^2)^3)^2)^2 * 2,1.7446881086801564e-44,17,0.002700301272356086,mul,TRASH_BROAD_GRAMMAR,false
20,108,1.6873322378733594e-45,(((((alpha)/(5))^2)^2)^2)^2 * 4,1.6950604659920276e-45,18,0.004580146070348609,mul,TRASH_BROAD_GRAMMAR,false
20,109,9.863128011665578e-45,(2)/((exp((pi)^3 + 3))^3),9.881322157270423e-45,18,0.0018446628273834998,div,TRASH_BROAD_GRAMMAR,false
20,110,1.262677021126362e-44,((((3/2 + 5)^-3)^3)^2)^3,1.266714498154342e-44,17,0.0031975532621781686,pow,TRASH_BROAD_GRAMMAR,false
20,111,3.8266894216537185e-45,(1/3)/((exp((pi)^3 + e))^3),3.834508902049741e-45,18,0.0020434060709957846,div,TRASH_BROAD_GRAMMAR,false
20,112,1.324328635589906e-44,(((4)/((alpha)^2))^3)^-3,1.3135179441904139e-44,15,0.008163148563707177,pow,TRASH_BROAD_GRAMMAR,false
20,113,2.9348975032603513e-46,(((alpha * e)^3)^3)^3 * e,2.9221963329048346e-46,18,0.004327636771439939,mul,TRASH_BROAD_GRAMMAR,false
20,114,5.689503273492365e-46,((4)/((((3)/(alpha))^2)^3))^3,5.688179870517514e-46,18,0.0002326043085372472,pow,TRASH_BROAD_GRAMMAR,true
20,115,9.10124699389006e-46,((e * pi)/((exp((3)^3))^2))^2,9.100906731879855e-46,18,3.738630656148186e-5,pow,TRASH_BROAD_GRAMMAR,true
20,116,1.754133216610914e-45,(((3 * exp(e))^-3)^3)^3,1.7510016967113454e-45,17,0.001785223533717099,pow,TRASH_BROAD_GRAMMAR,false
20,117,5.595116197167308e-46,(((((alpha)^2)/(5))^3)^3)/(pi),5.6117203468444224e-46,18,0.002967614807628311,div,TRASH_BROAD_GRAMMAR,false
20,118,3.023583169508693e-45,(((3)/(exp((3)^3)))^2)^2 * 3,3.032509904878472e-45,18,0.0029523697114736164,mul,TRASH_BROAD_GRAMMAR,false
20,119,7.3178661800915e-45,(((((1 + pi)^-3)^2)^2)^3)^2 * 2,7.327882875541531e-45,18,0.0013688000304354485,mul,TRASH_BROAD_GRAMMAR,false
20,120,3.7732458212097554e-45,(exp((5)^2 * 2) * pi)^-2,3.7692250112985615e-45,18,0.0010656103794225407,pow,TRASH_BROAD_GRAMMAR,false
20,121,8.834657696447706e-46,((((((1/3)^2)^2)^2)^2 * 4/3)^3)^2,8.830635656454272e-46,16,0.00045525702654569585,pow,TRASH_BROAD_GRAMMAR,true
20,122,3.481048823227955e-45,((exp(2))-((e)^2))^3 * 5,3.5032461608120427e-45,18,0.0063766234578416375,mul,TRASH_BROAD_GRAMMAR,false
20,123,3.0508294276238326e-46,((5)^2)/(((exp((1/3)^-3))^2)^2),3.1198661572823327e-46,17,0.022628839565203115,div,TRASH_BROAD_GRAMMAR,false
20,124,1.4814089381597748e-44,((exp((4)^2))^-2)^3 * alpha,1.482159926086135e-44,17,0.0005069416735752778,mul,TRASH_BROAD_GRAMMAR,false
20,125,2.1603045843658174e-46,(((exp((1)-((3)^3)))^2)^2)/(pi),2.1688224963728754e-46,17,0.003942921784595705,div,TRASH_BROAD_GRAMMAR,false
20,126,1.1513849533654482e-44,(1)/((exp((pi)^3 + e))^3),1.1503526706149223e-44,17,0.000896557443719057,div,TRASH_BROAD_GRAMMAR,false
20,127,9.932546731787573e-45,((exp(1 + pi * e))^3)^-3,9.916348160497441e-45,18,0.0016308577978586952,pow,TRASH_BROAD_GRAMMAR,false
20,128,9.15940719828288e-45,(5)/((exp((e + pi)^2))^3),9.128307148721043e-45,18,0.003395421656509314,div,TRASH_BROAD_GRAMMAR,false
20,129,1.2598383568941732e-44,((((3/2 + 5)^-3)^3)^2)^3,1.266714498154342e-44,17,0.005457955159517756,pow,TRASH_BROAD_GRAMMAR,false
20,130,5.0850660161595066e-46,(((3)/(exp((3)^3)))^2)^2 * 1/2,5.054183174797453e-46,18,0.0060732429557281645,mul,TRASH_BROAD_GRAMMAR,false
20,131,2.0826471087025476e-46,((((((1/3)^2)^2)^2)^2)^2)^3 * 4/3,2.0955512348812385e-46,16,0.006196021459790178,mul,TRASH_BROAD_GRAMMAR,false
20,132,4.098558155854424e-46,(((((pi)-(((3)^2)^2))^2)^2)^-2)^3,4.061323877987701e-46,15,0.009084726006275605,pow,TRASH_BROAD_GRAMMAR,false
20,133,4.0618673567641165e-46,(((((pi)-(((3)^2)^2))^2)^2)^-2)^3,4.061323877987701e-46,15,0.00013380022750148098,pow,TRASH_BROAD_GRAMMAR,true
20,134,1.74006211483404e-45,((((2 * alpha)^2)^3)^2)^2 * 1/5,1.7446881086801566e-45,18,0.0026585222485334455,mul,TRASH_BROAD_GRAMMAR,false
20,135,5.354967530200679e-46,2/5 * alpha^21,5.3521948041983455e-46,15,0.000517785773059551,alpha_family,SIBLING_PRE_EXP_TRUNCATION,false
20,136,9.073805604396351e-45,(((3)/((exp((3)^2))^2))^3)^2,9.097529714635414e-45,15,0.0026145711373371347,pow,TRASH_BROAD_GRAMMAR,false
20,137,3.557943554940274e-45,(((alpha)^2 * 1/5)^3)^3 * 2,3.525947883129361e-45,18,0.008992742947393407,mul,TRASH_BROAD_GRAMMAR,false
20,138,3.2481847737443216e-45,((((alpha)^3)/((3)^2))^3)^2 * 1/2,3.2395961918806766e-45,18,0.0026441173953736068,mul,TRASH_BROAD_GRAMMAR,false
20,139,9.280574976212761e-46,((((alpha)^2)/(pi))^3 * 1/5)^3,9.240959456309575e-46,18,0.004268649302950099,pow,TRASH_BROAD_GRAMMAR,false
20,140,3.578017035225023e-46,((exp((2 + pi)^2))^2)^-2 * 3,3.573789454223748e-46,18,0.0011815430054286848,mul,TRASH_BROAD_GRAMMAR,false
20,141,1.3566516800468302e-44,((e)/((((((5)^2)^2)^2)^2)^2))^2,1.3630402680325633e-44,14,0.0047090849329229105,pow,TRASH_BROAD_GRAMMAR,false
20,142,1.86493494379925e-46,(((((((1/5)^2)^2)^2)^2)^2)^2)/((pi)^2),1.8690459438955443e-46,15,0.0022043664900820866,div,TRASH_BROAD_GRAMMAR,false
20,143,4.9152528719168955e-46,((((3 * alpha)^3)^3)^3)/(pi),4.904422801390855e-46,18,0.00220335978804218,div,TRASH_BROAD_GRAMMAR,false
20,144,2.825046925437939e-45,((exp(2))-((e)^2))^3 * (2)^2,2.802596928649634e-45,18,0.007946769515987604,mul,TRASH_BROAD_GRAMMAR,false
20,145,1.2172458983743039e-45,(2/3)/((exp((e + pi)^2))^3),1.2171076198294724e-45,18,0.00011359951593689677,div,TRASH_BROAD_GRAMMAR,true
20,146,7.726044520677718e-45,(((((((pi)^2)^2)^2 * 1/2)^2)^2)-(1))^-3,7.690811540768896e-45,18,0.004560286937840602,pow,TRASH_BROAD_GRAMMAR,false
20,147,8.663062173050995e-46,((((alpha)^2 * 3)^2)^2)^3 * pi,8.681061616613775e-46,17,0.002077723004086451,mul,TRASH_BROAD_GRAMMAR,false
20,148,1.9750106194461094e-45,((exp(3 * 3 + e))^3)^-2,1.98825281857332e-45,18,0.0067048748988116445,pow,TRASH_BROAD_GRAMMAR,false
20,149,4.604395563377851e-45,(5/2)/(((((((5)^2)^2)^2)^2)^2)^2),4.611686018427387e-45,16,0.00158336853321684,div,TRASH_BROAD_GRAMMAR,false
20,150,1.2960348170049248e-45,((((alpha)/((((e)^2)^2)^2))^2)^2)^2,1.2896616768302605e-45,14,0.004917414324865405,pow,TRASH_BROAD_GRAMMAR,false
20,151,2.872379188895384e-45,(((mmu/me)^3 * 3)^-2)^3,2.874497253062544e-45,18,0.0007373901660854351,pow,TRASH_BROAD_GRAMMAR,false
20,152,1.712864607327718e-45,((((((e)^-2)^2)^3)^3)^3)/(alpha),1.710135903486206e-45,17,0.0015930645246790697,div,TRASH_BROAD_GRAMMAR,false
20,153,3.3844616969143272e-46,((((alpha)^2 * e)^2)^2)^3 * 4,3.3850234653884815e-46,18,0.00016598458616517975,mul,TRASH_BROAD_GRAMMAR,true
20,154,8.47461066270926e-46,(((((5)/(alpha))^2)^2)^2)^-2 * 2,8.475302329960135e-46,18,8.161640438746787e-5,mul,TRASH_BROAD_GRAMMAR,true
20,155,1.3735768862359136e-45,(3)/(((3 * exp((5)^2))^2)^2),1.3778059170447532e-45,18,0.0030788453498432527,div,TRASH_BROAD_GRAMMAR,false
20,156,6.493550710555878e-46,((((alpha)^2 * 1/5)^3)^3)/(e),6.485618684226297e-46,18,0.0012215237368804427,div,TRASH_BROAD_GRAMMAR,false
20,157,2.773088540565719e-45,((((((1/5)^2)^2)^2)^2)^2)^2 * (2/3)^-1,2.7670116110564518e-45,16,0.002191393971152265,mul,TRASH_BROAD_GRAMMAR,false
20,158,4.089491540539331e-45,(((mmu/me)^2 * 2)^-3)^3,4.092790034145691e-45,18,0.0008065779262927722,pow,TRASH_BROAD_GRAMMAR,false
20,159,1.3877756993589214e-44,((exp((5)^2 * 2))^-2)/(e),1.3685394711738534e-44,18,0.013861193991186106,div,TRASH_BROAD_GRAMMAR,false
20,160,2.884973955696365e-46,(exp(pi))/(((exp((3)^3))^2)^2),2.8878345520432668e-46,17,0.000991550145974004,div,TRASH_BROAD_GRAMMAR,false
20,161,1.1547339266317194e-44,(1)/((exp((pi)^3 + e))^3),1.1503526706149223e-44,17,0.0037941693023405055,div,TRASH_BROAD_GRAMMAR,false
20,162,4.525993232469377e-46,(2/3)/(((exp((5)^2 + 1))^2)^2),4.542371214363532e-46,18,0.0036186492230389695,div,TRASH_BROAD_GRAMMAR,false
20,163,3.0562272925515517e-46,((5)^2)/(((exp((1/3)^-3))^2)^2),3.1198661572823327e-46,17,0.02082268713648287,div,TRASH_BROAD_GRAMMAR,false
20,164,9.293935896431099e-45,(((exp((5)^2))^-2)/(2))^2,9.300189940052085e-45,15,0.0006729165867593068,pow,TRASH_BROAD_GRAMMAR,false
20,165,1.03525048890801e-44,(pi)/((exp((pi)^3 + pi))^3),1.0149770241362526e-44,18,0.019583149188504026,div,TRASH_BROAD_GRAMMAR,false
20,166,4.4096504255067163e-45,((((alpha)^2 * 3)^2)^3 * 4)^2,4.421228376222087e-45,18,0.002625593776867338,pow,TRASH_BROAD_GRAMMAR,false
20,167,4.175168673021971e-45,(((((alpha)/(2))^3)^3)^2)/(pi),4.18105747315617e-45,17,0.0014104340675503346,div,TRASH_BROAD_GRAMMAR,false
20,168,5.461791183700933e-46,(((((2)-((e)^3))^3)^3)^2)^-2,5.445896230323551e-46,16,0.0029102089118337843,pow,TRASH_BROAD_GRAMMAR,false
20,169,3.997643764107035e-46,(2)/(((1/2 * exp((3)^3))^2)^2),3.9934286813214426e-46,18,0.0010543917953465248,div,TRASH_BROAD_GRAMMAR,false
20,170,5.7084113842964895e-46,((4)/((((3)/(alpha))^2)^3))^3,5.688179870517514e-46,18,0.0035441583335482033,pow,TRASH_BROAD_GRAMMAR,false
20,171,5.793759334260033e-46,((exp((e + pi)^2))^-3)/(pi),5.811260819120156e-46,18,0.003020747644216371,div,TRASH_BROAD_GRAMMAR,false
20,172,1.0865269637242048e-44,(1/2)/((((((exp(pi))^2)^2)^2)^2)^2),1.0937716976066177e-44,15,0.0066677902383394765,div,TRASH_BROAD_GRAMMAR,false
20,173,3.261332121413075e-45,((((alpha)^3)/((3)^2))^3)^2 * 1/2,3.2395961918806766e-45,18,0.006664739659504817,mul,TRASH_BROAD_GRAMMAR,false
20,174,8.917237999842545e-45,((((((1/4)^2)^2)^2)^3)^3)/(5),8.96831017167883e-45,16,0.00572735322721971,div,TRASH_BROAD_GRAMMAR,false
20,175,1.771595156897959e-45,(exp((3)-((pi)^2) * 5))^3,1.7722734694218083e-45,18,0.00038288235391027275,pow,TRASH_BROAD_GRAMMAR,true
20,176,2.273716668244008e-46,((exp((1)-((3)^3)))^2)^2 * 1/3,2.271185607181767e-46,17,0.0011131822612690152,mul,TRASH_BROAD_GRAMMAR,false
20,177,1.132769755648644e-44,(e)/(((exp((5)^2))^2 * 3)^2),1.1235794362338312e-44,18,0.008113139822973396,div,TRASH_BROAD_GRAMMAR,false
20,178,1.832136233307839e-45,(3/3)/((exp((e + pi)^2))^3),1.8256614297442086e-45,18,0.003534018620406034,div,TRASH_BROAD_GRAMMAR,false
20,179,1.4737192052426364e-44,((exp((4)^2))^-2)^3 * alpha,1.482159926086135e-44,17,0.005727495993450677,mul,TRASH_BROAD_GRAMMAR,false
20,180,9.601280971962379e-45,(((1 + pi)/((alpha)^2))^3)^-3,9.604383600746465e-45,17,0.00032314737930772225,pow,TRASH_BROAD_GRAMMAR,true
20,181,5.844051059759211e-45,((((1/3)/(exp((e)^2)))^2)^3)^2,5.837534502948854e-45,15,0.00111507526948707,pow,TRASH_BROAD_GRAMMAR,false
20,182,6.3128137707298775e-46,(4)/(((((((3)^2)^2)^2)^2)^2)^3),6.286653704643731e-46,15,0.0041439629040604916,div,TRASH_BROAD_GRAMMAR,false
20,183,3.546765865439591e-46,(3)/(((exp((2 + pi)^2))^2)^2),3.573789454223748e-46,17,0.007619219821494392,div,TRASH_BROAD_GRAMMAR,false
20,184,9.522456283578323e-46,((5/2 * exp((5)^2))^2)^-2,9.52339449861334e-46,17,9.852657834042481e-5,pow,TRASH_BROAD_GRAMMAR,true
20,185,2.5213630338589943e-45,((4)^2)/(((((((3)^2)^2)^2)^2)^2)^3),2.5146614818574923e-45,16,0.0026579084056948033,div,TRASH_BROAD_GRAMMAR,false
20,186,2.2031901164098665e-45,(pi)/(((exp(2))-((e)^2))^-3),2.201154480504752e-45,18,0.0009239492724447925,div,TRASH_BROAD_GRAMMAR,false
20,187,7.317419299282455e-45,(((((1 + pi)^-3)^2)^2)^3)^2 * 2,7.327882875541531e-45,18,0.0014299544458388237,mul,TRASH_BROAD_GRAMMAR,false
20,188,7.491259089320022e-45,(((pi)^3)^2 * exp((3)^3))^-3,7.472213242836686e-45,18,0.0025424092607460747,pow,TRASH_BROAD_GRAMMAR,false
20,189,1.5362555803491135e-45,((((3)/((alpha)^-1))^3)^3)^3,1.5407698642947718e-45,15,0.0029384979969494978,pow,TRASH_BROAD_GRAMMAR,false
20,190,9.628536727126692e-46,((((((1/3)-((3)^2))^2)^2)^2)^-2)^3,9.618326689658585e-46,15,0.0010603934696890639,pow,TRASH_BROAD_GRAMMAR,false
20,191,1.846157329779018e-46,((exp((1/2)-((3)^3)))^2)^2 * 2,1.8442292845851755e-46,18,0.00104435584266987,mul,TRASH_BROAD_GRAMMAR,false
20,192,6.197835936425674e-45,((3/2)/(exp((e + pi)^2)))^3,6.161607325386705e-45,18,0.00584536464188207,pow,TRASH_BROAD_GRAMMAR,false
20,193,9.982265067197336e-45,(e)/((((((1 + pi)^2)^3)^2)^2)^3),9.959625430830423e-45,17,0.002267985894434826,div,TRASH_BROAD_GRAMMAR,false
20,194,2.0272636111541416e-46,((((alpha)^3 * 5)^2)^2)^2,2.031084276596269e-46,14,0.00188464165247468,pow,TRASH_BROAD_GRAMMAR,false
20,195,4.0645110731384546e-45,(((mmu/me)^2 * 2)^-3)^3,4.092790034145691e-45,18,0.006957530807118872,pow,TRASH_BROAD_GRAMMAR,false
20,196,6.43991286238352e-46,((((((1/3)^2)/(2))^2)^2)^3)^3,6.4593648560515705e-46,14,0.0030205367811220324,pow,TRASH_BROAD_GRAMMAR,false
20,197,1.0728883524085757e-45,4/5 * alpha^21,1.0704389608396691e-45,16,0.0022829883122580845,alpha_family,SIBLING_PRE_EXP_TRUNCATION,false
20,198,1.990675284927066e-45,(((exp(3 + e))^2)^3)^-3,1.9882528185733235e-45,16,0.001216906831608723,pow,TRASH_BROAD_GRAMMAR,false
20,199,4.506122764594183e-45,((pi)/((3 * exp((5)^2))^2))^2,4.532799780903951e-45,18,0.005920170777275893,pow,TRASH_BROAD_GRAMMAR,false
20,200,9.43760318551166e-46,((((alpha)^2)^2)^2 * ((1/4)^3)^3)^2,9.40947578738098e-46,17,0.002980353971001823,pow,TRASH_BROAD_GRAMMAR,false
20,201,4.319572275227826e-46,(((((pi)-(3))^3)^3)^2)^3 * 3,4.298532217185483e-46,18,0.0048708660723204514,mul,TRASH_BROAD_GRAMMAR,false
20,202,1.5487922555170564e-45,((((((1/3)^2)^2)^2)^2)^3 * pi)^2,1.5511696267869084e-45,14,0.001534983960168587,pow,TRASH_BROAD_GRAMMAR,false
20,203,6.08955307140919e-45,(((((1/4)^2)^2)^3)^2)^3 * (e)^-2,6.068643986189745e-45,17,0.0034335993092193726,mul,TRASH_BROAD_GRAMMAR,false
20,204,1.1672702726939715e-44,(((exp((5)^2))^-2)^2)/(pi),1.1841369605222458e-44,15,0.014449685066807405,div,TRASH_BROAD_GRAMMAR,false
20,205,1.2839348569232579e-45,((((e)/((5)^3))^3)^3)^3,1.2864137106881016e-45,16,0.0019306694194625188,pow,TRASH_BROAD_GRAMMAR,false
20,206,5.589815678024079e-45,((((e)/((((pi)^2)^2)^3))^2)^2)^2,5.5971645725799786e-45,14,0.0013146935389643166,pow,TRASH_BROAD_GRAMMAR,false
20,207,6.416344766996494e-46,((((alpha)^3 * 5)^2)^2)^2 * pi,6.380839442176578e-46,18,0.005533574972863604,mul,TRASH_BROAD_GRAMMAR,false
20,208,1.2559465970563162e-44,((((3/2 + 5)^-3)^3)^2)^3,1.266714498154342e-44,17,0.00857353419585171,pow,TRASH_BROAD_GRAMMAR,false
20,209,2.0724255255549665e-45,((exp((1)-((3)^3)))^2)^2 * 3,2.0440670464635904e-45,17,0.013683714440731071,mul,TRASH_BROAD_GRAMMAR,false
20,210,1.9602739201070282e-45,(((((((pi)^-1)/(e))^2)^2)^2)^2)^3,1.9528594126258656e-45,14,0.003782383372604237,pow,TRASH_BROAD_GRAMMAR,false
20,211,1.5072714781109052e-45,((exp((5)^2 + 4/5))^2)^-2,1.516384957495807e-45,18,0.006046342359190512,pow,TRASH_BROAD_GRAMMAR,false
20,212,9.245446816367288e-46,((((alpha)^2)/(pi))^3 * 1/5)^3,9.240959456309575e-46,18,0.0004853589174045276,pow,TRASH_BROAD_GRAMMAR,false
20,213,1.2539475308310984e-44,(e * exp((3 + e)^2))^-3,1.2429690125885463e-44,18,0.00875516556524159,pow,TRASH_BROAD_GRAMMAR,false
20,214,3.562157677947651e-46,(3)/(((exp((2 + pi)^2))^2)^2),3.573789454223748e-46,17,0.003265373778400023,div,TRASH_BROAD_GRAMMAR,false
20,215,3.964400956426166e-46,(2)/((((exp((3)^3))/(2))^2)^2),3.9934286813214426e-46,18,0.007322096128602626,div,TRASH_BROAD_GRAMMAR,false
20,216,7.840660943833894e-45,((((3)^3 + (4)^2)^3)^3)^-3,7.876834114369206e-45,18,0.004613535873370478,pow,TRASH_BROAD_GRAMMAR,false
20,217,9.170345846635233e-45,(5)/((exp((e + pi)^2))^3),9.128307148721043e-45,18,0.004584199834689485,div,TRASH_BROAD_GRAMMAR,false
20,218,2.075437417163622e-45,((exp(2))-((e)^2))^3 * 3,2.1019476964872256e-45,17,0.01277334556289997,mul,TRASH_BROAD_GRAMMAR,false
20,219,2.1635119250977153e-46,(((exp((1)-((3)^3)))^2)^2)/(pi),2.1688224963728754e-46,17,0.0024546068887141685,div,TRASH_BROAD_GRAMMAR,false
20,220,5.924946076486608e-46,(5)/(((exp((2 + pi)^2))^2)^2),5.95631575703958e-46,18,0.005294509038228063,div,TRASH_BROAD_GRAMMAR,false
20,221,2.7243269995596077e-45,(4)/(((exp((5)^2 + 1))^2)^2),2.7254227286181193e-45,18,0.0004022017396181898,div,TRASH_BROAD_GRAMMAR,true
20,222,2.0486360432187438e-45,((exp((1)-((3)^3)))^2)^2 * 3,2.0440670464635904e-45,17,0.002230262798644718,mul,TRASH_BROAD_GRAMMAR,false
20,223,1.519226132484977e-44,((((1/3 + pi)^3)^-3)^3)^3,1.5254912764204304e-44,16,0.004123904796980909,pow,TRASH_BROAD_GRAMMAR,false
20,224,7.369382276047205e-45,(((((4)^3 + 5)^-3)^2)^2)^2,7.372619529029915e-45,17,0.0004392841708364538,pow,TRASH_BROAD_GRAMMAR,true
20,225,8.599256821701412e-45,((((1/3)^-3)^3 * 4)^-3)^3,8.60277265063649e-45,18,0.000408852649476137,pow,TRASH_BROAD_GRAMMAR,true
20,226,4.3279264052493304e-46,(((((3)/(((e)^2)^2))^2)^3)^2)^3,4.344699818928468e-46,15,0.0038756235916564898,pow,TRASH_BROAD_GRAMMAR,false
20,227,7.303316062183826e-46,((((((1/3)^2)^2)^2)^2)^2 * 5/3)^3,7.276219565559858e-46,16,0.0037101634919338242,pow,TRASH_BROAD_GRAMMAR,false
20,228,3.489058375432701e-46,(((exp(2))-((e)^2))^3)/(2),3.503246160812043e-46,17,0.004066365148614679,div,TRASH_BROAD_GRAMMAR,false
20,229,4.918004705288018e-46,((((3 * alpha)^3)^3)^3)/(pi),4.904422801390855e-46,18,0.0027616695613486507,div,TRASH_BROAD_GRAMMAR,false
20,230,3.3779143077648935e-45,((((4)^3)^3 * 1/3)^-3)^3,3.366913778479661e-45,17,0.0032566040115183364,pow,TRASH_BROAD_GRAMMAR,false
20,231,2.3185689704188886e-45,(1)/((exp((1/4)/(alpha)))^3),2.3148152337825184e-45,17,0.0016189885590041314,div,TRASH_BROAD_GRAMMAR,false
20,232,3.9671277084490205e-46,(2)/((((exp((3)^3))/(2))^2)^2),3.9934286813214426e-46,18,0.006629726796142059,div,TRASH_BROAD_GRAMMAR,false
20,233,7.93223285058304e-46,(((exp(1/2))^2)-(e))^3 * (3)^2,7.882303861827096e-46,18,0.006294443153200377,mul,TRASH_BROAD_GRAMMAR,false
20,234,1.0375354800909218e-44,(pi)/((exp((pi)^3 + pi))^3),1.0149770241362526e-44,18,0.021742346539023693,div,TRASH_BROAD_GRAMMAR,false
20,235,3.6964591590852815e-45,(2)/(((((((1/5)^2)^2)^2)^2)^2)^-2),3.689348814741937e-45,15,0.0019235554992859765,div,TRASH_BROAD_GRAMMAR,false
20,236,6.458567895004864e-46,((((((1/3)^2)/(2))^2)^2)^3)^3,6.4593648560515705e-46,14,0.00012339593849013987,pow,TRASH_BROAD_GRAMMAR,true
20,237,1.1258490435146287e-45,((((((1/5)^2)^2)^2)^2)^2)^2 * 3/5,1.1068046444225807e-45,16,0.016915588463437294,mul,TRASH_BROAD_GRAMMAR,false
20,238,2.436606501053989e-46,(exp((pi)^3 + 4))^-3,2.4598103090445568e-46,16,0.00952300175696437,pow,TRASH_BROAD_GRAMMAR,false
20,239,1.3300260665736217e-45,(((alpha)^-2)^-3 * alpha)^3,1.338048701049584e-45,16,0.006031937777452688,pow,TRASH_BROAD_GRAMMAR,false
20,240,4.878401067748756e-45,((((((3)^2)^2)^2)^-2)^2 * pi)^3,4.873143103985386e-45,15,0.0010778047336310456,pow,TRASH_BROAD_GRAMMAR,false
20,241,1.1681519898081833e-45,((e)^2)/(((((((3)^2)^2)^2)^2)^2)^3),1.161310922454068e-45,15,0.005856316141907697,div,TRASH_BROAD_GRAMMAR,false
20,242,8.712636848062186e-45,((((2 * alpha)^-2)^-2)^2)^3,8.723440543400765e-45,15,0.0012400029436532556,pow,TRASH_BROAD_GRAMMAR,false
20,243,4.980732630256275e-46,((((1/2)^2)/(((((e)^2)^2)^2)^2))^2)^3,4.958722321129931e-46,15,0.004419090676066097,pow,TRASH_BROAD_GRAMMAR,false
20,244,2.8472911018090537e-46,(((((3)-(pi))^2)^3)^3)^3 * 2,2.86568814479032e-46,18,0.006461244152232197,mul,TRASH_BROAD_GRAMMAR,false
20,245,3.292201582109513e-45,(((mtau/me)^3 * pi)^-2)^2,3.2854850457168854e-45,17,0.0020401352180639265,pow,TRASH_BROAD_GRAMMAR,false
20,246,2.8617918612865372e-46,(((((3)-(pi))^2)^3)^3)^3 * 2,2.86568814479032e-46,18,0.001361483885844628,mul,TRASH_BROAD_GRAMMAR,false
20,247,4.678326179012223e-46,(((exp(2))-((e)^2))^3)/(3/2),4.670994881082723e-46,18,0.001567077123093516,div,TRASH_BROAD_GRAMMAR,false
20,248,1.903853821873628e-46,(3)/(((((1 + e)^3)^3)^3)^3),1.902806454008237e-46,18,0.0005501304004318655,div,TRASH_BROAD_GRAMMAR,false
20,249,7.319231930859795e-45,(((((1 + pi)^-3)^2)^2)^3)^2 * 2,7.327882875541531e-45,18,0.0011819470626776602,mul,TRASH_BROAD_GRAMMAR,false
20,250,1.2787878555885018e-45,((((1/3)/(mp/me))^2)^3)^2,1.281266500781827e-45,16,0.0019382770820766044,pow,TRASH_BROAD_GRAMMAR,false
20,251,5.131790171122508e-46,((((3 * alpha)^3)^3)^3)/(3),5.135899547649261e-46,18,0.0008007686186931155,div,TRASH_BROAD_GRAMMAR,false
20,252,1.9217895291079347e-45,(((exp((pi)^2 + 3))^2)^-2)^2,1.933813530749018e-45,15,0.00625666934852355,pow,TRASH_BROAD_GRAMMAR,false
20,253,2.8529828624925475e-45,((((pi)^-3)^3)^3)^3 * (alpha)^2,2.865437702489782e-45,18,0.0043655502319959166,mul,TRASH_BROAD_GRAMMAR,false
20,254,1.141766374482545e-44,(1 + exp((pi)^3 + e))^-3,1.1503526706149145e-44,18,0.00752018654977545,pow,TRASH_BROAD_GRAMMAR,false
20,255,1.0791637807872545e-44,(((alpha * pi)^3)^3)^3 * 2,1.070386089664225e-44,18,0.008133789587180234,mul,TRASH_BROAD_GRAMMAR,false
20,256,2.225959028342949e-45,5/3 * alpha^21,2.2300811684159773e-45,15,0.0018518490325029832,alpha_family,SIBLING_PRE_EXP_TRUNCATION,false
30,1,1.1549536898639945e-45,(((1/5)/(((3)^3)^3))^3)^3,1.1546445996689718e-45,16,0.00026762128883207046,pow,TRASH_BROAD_GRAMMAR,false
30,2,1.6071702871314295e-44,(((alpha * pi)^3)^3)^3 * 3,1.6055791344963377e-44,18,0.0009900336310546213,mul,TRASH_BROAD_GRAMMAR,false
30,3,1.8714554696405263e-45,(exp((1/4 + 3)^3))^-3,1.8812833646728582e-45,16,0.005251471483967301,pow,TRASH_BROAD_GRAMMAR,false
30,4,6.943231774669741e-45,(3)/((exp((1/4)/(alpha)))^3),6.944445701347555e-45,18,0.00017483597224025985,div,TRASH_BROAD_GRAMMAR,false
30,5,1.2831276472986659e-44,((((3/2 + 5)^3)^-3)^3)^2,1.266714498154343e-44,17,0.012791517023950783,pow,TRASH_BROAD_GRAMMAR,false
30,6,1.4107297519635371e-44,(((2/5)/(((pi)^3)^3))^3)^3,1.4105881584538104e-44,17,0.00010036898245721992,pow,TRASH_BROAD_GRAMMAR,false
30,7,6.535926287514747e-45,5 * alpha^21 * exp((-3)*alpha),6.545371863435018e-45,25,0.0014451778531092607,alpha_exp_family,SIBLING_SHARED_ALPHA21,false
30,8,8.791070224053722e-45,(e)/((exp((pi)^3 + pi))^3),8.78214939120259e-45,18,0.0010147607314890507,div,TRASH_BROAD_GRAMMAR,false
30,9,5.120162421464113e-45,((((4)^3)^-3 * pi)^3)^3,5.099053359236339e-45,17,0.004122732931143653,pow,TRASH_BROAD_GRAMMAR,false
30,10,1.412727072461089e-44,(((2/5)/(((pi)^3)^3))^3)^3,1.4105881584538104e-44,17,0.0015140320087109337,pow,TRASH_BROAD_GRAMMAR,false
30,11,1.1635187417635144e-45,((e)^2)/(((((((3)^2)^2)^2)^2)^2)^3),1.161310922454068e-45,15,0.0018975365245084465,div,TRASH_BROAD_GRAMMAR,false
30,12,2.181562859353305e-45,5/3 * alpha^21 * exp((-3)*alpha),2.1817906211450063e-45,26,0.00010440303873199996,alpha_exp_family,SIBLING_SHARED_ALPHA21,false
30,13,4.8108061801297614e-46,((((2)/((((pi)^3)^2)^2))^2)^2)^2,4.80675721298054e-46,14,0.0008416400490098723,pow,TRASH_BROAD_GRAMMAR,false
30,14,2.4224607725174274e-45,(((pi)/(exp((3)^3)))^2)^2 * 2,2.431226612228979e-45,18,0.003618568280237663,mul,TRASH_BROAD_GRAMMAR,false
30,15,3.1226439902211784e-45,(((exp(e * pi))^-3)^2)^2,3.1252632281509375e-45,15,0.0008387885195883454,pow,TRASH_BROAD_GRAMMAR,false
30,16,1.978016652946469e-46,((((2/3 + 3)^-3)^3)^3)^3,1.9679503372510285e-46,17,0.005089095524269432,pow,TRASH_BROAD_GRAMMAR,false
30,17,1.7848902294664108e-45,4/3 * alpha^21,1.7840649347327815e-45,15,0.0004623784252973433,alpha_family,SIBLING_PRE_EXP_TRUNCATION,false
30,18,7.275297967276395e-46,((((((((1)-(e))^2)^2)^2)^2)^2)^3)^-2,7.275715742346166e-46,15,5.742377448316453e-5,pow,TRASH_BROAD_GRAMMAR,false
30,19,1.3955124427749496e-44,((exp(2))-((e)^2) * e)^3,1.4072916022801143e-44,17,0.008440741296252458,pow,TRASH_BROAD_GRAMMAR,false
30,20,2.0714294191930774e-46,((((pi)^3)^3 * 4)^-3)^3,2.052675930395794e-46,17,0.009053404679648094,pow,TRASH_BROAD_GRAMMAR,false
30,21,9.389226455488126e-46,((((alpha)^2)^2)^2 * ((1/4)^3)^3)^2,9.40947578738098e-46,17,0.0021566560343231067,pow,TRASH_BROAD_GRAMMAR,false
30,22,1.1281420727110122e-44,(e)/(((exp((5)^2))^2 * 3)^2),1.1235794362338312e-44,18,0.004044381100171767,div,TRASH_BROAD_GRAMMAR,false
30,23,5.874038660456768e-45,((((mtau/me)^-3)/(e))^2)^2,5.861665857081411e-45,17,0.0021063537525977697,pow,TRASH_BROAD_GRAMMAR,false
30,24,1.5795569627456903e-44,(exp(((pi)-(3))^-2))^-2 * 1/3,1.5792395128150108e-44,18,0.00020097403143206044,mul,TRASH_BROAD_GRAMMAR,false
30,25,4.806072463228433e-45,(((alpha)^2 * 1/5)^3)^3 * e,4.7922600294020895e-45,18,0.0028739545506280277,mul,TRASH_BROAD_GRAMMAR,false
30,26,2.4615435208940228e-45,(((((((5)^-2)^2)^2)^2)^2)^2)/(3/4),2.4595658764946238e-45,17,0.0008034163859433789,div,TRASH_BROAD_GRAMMAR,false
30,27,2.461691726631582e-46,(1)/((exp((2)^2 + (pi)^3))^3),2.459810309044557e-46,18,0.0007642783077470159,div,TRASH_BROAD_GRAMMAR,false
30,28,9.453242468349333e-46,((((pi)^-3 * 2/3)^3)^3)^3,9.471010482132457e-46,17,0.0018795681844206945,pow,TRASH_BROAD_GRAMMAR,false
30,29,1.6418607460256443e-44,((3)^2)/((exp((e + pi)^2))^3),1.6430952867697878e-44,18,0.0007519156220354763,div,TRASH_BROAD_GRAMMAR,false
30,30,1.1453423643791628e-45,(3)/(((exp((5)^2) * pi)^2)^2),1.145707018677222e-45,18,0.0003183801712047714,div,TRASH_BROAD_GRAMMAR,false
30,31,1.3158131225441024e-45,5/5 * alpha^21 * exp((-5/2)*alpha),1.3138594856609543e-45,29,0.0014847373458100068,alpha_exp_family,SIBLING_SHARED_ALPHA21,false
30,32,6.600370105882219e-45,5 * alpha^21 * exp((-2)*alpha),6.593310449268124e-45,25,0.0010695849627892155,alpha_exp_family,SIBLING_SHARED_ALPHA21,false
30,33,1.0663688703035604e-45,4/5 * alpha^21 * exp((-1/2)*alpha),1.0665403922216107e-45,27,0.00016084670401288277,alpha_exp_family,SIBLING_SHARED_ALPHA21,false
30,34,8.246907809606083e-46,3/5 * alpha^21 * exp((4)*alpha),8.266086982353074e-46,27,0.002325619879568785,alpha_exp_family,SIBLING_SHARED_ALPHA21,false
30,35,1.2253877017879754e-44,((1 + exp((5)^2))^-2)^2 * 1/3,1.2400253252713924e-44,18,0.011945299811691523,mul,TRASH_BROAD_GRAMMAR,false
30,36,7.838357374870898e-45,((((3)^3 + (4)^2)^3)^3)^-3,7.876834114369206e-45,18,0.004908775864400023,pow,TRASH_BROAD_GRAMMAR,false
30,37,1.6800870195041836e-44,(((alpha * pi)^3)^3)^3 * pi,1.6813585378969175e-44,18,0.000756816985056628,mul,TRASH_BROAD_GRAMMAR,false
30,38,2.2792276631167416e-45,5/3 * alpha^21 * exp((3)*alpha),2.2794405519598378e-45,26,9.340393965078616e-5,alpha_exp_family,SIBLING_SHARED_ALPHA21,false
30,39,2.156563579403361e-46,(((alpha * e)^3)^3)^3 * 2,2.1500319078845372e-46,18,0.003028740530168239,mul,TRASH_BROAD_GRAMMAR,false
30,40,5.981471983064249e-46,(((2)/(exp((3)^3)))^2)^2 * 3,5.990143021982166e-46,18,0.0014496496752752462,mul,TRASH_BROAD_GRAMMAR,false
30,41,2.921562181413435e-45,((((2 * alpha)^2)^2)^3)^2 * 1/3,2.907813514466928e-45,17,0.004705929941855963,mul,TRASH_BROAD_GRAMMAR,false
30,42,1.9446966240593868e-46,((((3)/(exp((pi)^2)))^2)^2)^3,1.948400790506704e-46,15,0.0019047528552732285,pow,TRASH_BROAD_GRAMMAR,false
30,43,2.5414300888230133e-46,((((alpha)^2 * e)^3)^2)^2 * 3,2.5387675990413613e-46,17,0.0010476344768882103,mul,TRASH_BROAD_GRAMMAR,false
30,44,2.417033802341915e-46,(2)/(((exp((2 + pi)^2))^2)^2),2.3825263028158322e-46,17,0.01427679641577523,div,TRASH_BROAD_GRAMMAR,false
30,45,3.494214417514351e-45,((exp(2))-((e)^2))^3 * 5,3.5032461608120427e-45,18,0.002584770772057133,mul,TRASH_BROAD_GRAMMAR,false
30,46,8.920219690830909e-45,((((((1/4)^2)^2)^2)^3)^3)/(5),8.96831017167883e-45,16,0.005391176732715767,div,TRASH_BROAD_GRAMMAR,false
30,47,2.9124145942863408e-46,(((alpha * e)^3)^3)^3 * e,2.9221963329048346e-46,18,0.003358635352838795,mul,TRASH_BROAD_GRAMMAR,false
30,48,5.838963754038997e-46,((((((1/3)^2)^2)^2)^2)^2)^3 * 1 + e,5.8438875579478665e-46,17,0.0008432667364074127,mul,TRASH_BROAD_GRAMMAR,false
30,49,1.0800192933150413e-44,(((alpha * pi)^3)^3)^3 * 2,1.070386089664225e-44,18,0.00891947367092657,mul,TRASH_BROAD_GRAMMAR,false
30,50,1.1663692264903151e-45,((e)^2)/(((((((3)^2)^2)^2)^2)^2)^3),1.161310922454068e-45,15,0.004336794834229183,div,TRASH_BROAD_GRAMMAR,false
30,51,8.912729130252355e-45,((((((1/4)^2)^2)^2)^3)^3)/(5),8.96831017167883e-45,16,0.006236141659216058,div,TRASH_BROAD_GRAMMAR,false
30,52,5.656047997635633e-45,(((((1 + exp(pi))^2)^2)^-2)^2)^2,5.649483595825039e-45,15,0.0011605986747881243,pow,TRASH_BROAD_GRAMMAR,false
30,53,1.1401462220718053e-45,(3)/(((exp((5)^2) * pi)^2)^2),1.145707018677222e-45,18,0.004877266176711874,div,TRASH_BROAD_GRAMMAR,false
30,54,1.0389764891568209e-45,4/5 * alpha^21 * exp((-4)*alpha),1.039645092650594e-45,28,0.0006435212930715308,alpha_exp_family,SIBLING_SHARED_ALPHA21,false
30,55,1.7877861600497952e-46,((((exp(5))/(3))^-3)^3)^3,1.7886230388100725e-46,18,0.0004681089824825466,pow,TRASH_BROAD_GRAMMAR,false
30,56,1.7334986537480716e-44,((((2 * alpha)^2)^3)^2)^2 * 2,1.7446881086801564e-44,17,0.006454839124271347,mul,TRASH_BROAD_GRAMMAR,false
30,57,1.7922109369980877e-45,(((((1/4)^2)^2)^2)^3)^3 * (1/5)^2,1.7936620343357662e-45,17,0.0008096688329048168,mul,TRASH_BROAD_GRAMMAR,false
30,58,6.143282681479677e-45,((exp((1)-((3)^3)))^2 * 3)^2,6.132201139390771e-45,17,0.0018038470087521198,pow,TRASH_BROAD_GRAMMAR,false
30,59,1.5924519656159248e-45,((exp(exp(1/4 + 3)))^2)^-2,1.5761253356335743e-45,17,0.01025251017605151,pow,TRASH_BROAD_GRAMMAR,false
30,60,6.619169626737085e-45,5 * alpha^21 * exp((-3/2)*alpha),6.617411246006906e-45,26,0.00026564974601586965,alpha_exp_family,SIBLING_SHARED_ALPHA21,false
30,61,2.081139966915765e-45,3/2 * alpha^21 * exp((5)*alpha),2.08165703998312e-45,26,0.00024845665143865143,alpha_exp_family,SIBLING_SHARED_ALPHA21,false
30,62,7.833741494624107e-46,3/5 * alpha^21 * exp((-3)*alpha),7.854446236122022e-46,26,0.0026430207726567956,alpha_exp_family,SIBLING_SHARED_ALPHA21,false
30,63,1.3538912079052238e-44,((e)/((((((5)^2)^2)^2)^2)^2))^2,1.3630402680325633e-44,14,0.006757603619787988,pow,TRASH_BROAD_GRAMMAR,false
30,64,4.299674482320482e-46,1/3 * alpha^21 * exp((-5)*alpha),4.3003585412777776e-46,25,0.00015909552225608784,alpha_exp_family,SIBLING_SHARED_ALPHA21,false
30,65,7.17390810387115e-45,(pi)/((exp((1/4)/(alpha)))^3),7.2722065328689e-45,18,0.013702214688909337,div,TRASH_BROAD_GRAMMAR,false
30,66,5.8813287713622614e-46,(((alpha)^2 * 1/5)^3)^3 * 1/3,5.876579805215601e-46,18,0.0008074648317203655,mul,TRASH_BROAD_GRAMMAR,false
30,67,1.9884015962344307e-45,(((exp(3 + e))^2)^3)^-3,1.9882528185733235e-45,16,7.482274274418762e-5,pow,TRASH_BROAD_GRAMMAR,false
30,68,2.0983130430407635e-46,((((alpha)/(e))^3)^2)^3 * 4,2.0976607359754912e-46,18,0.00031087213961507706,mul,TRASH_BROAD_GRAMMAR,false
30,69,4.313015678000564e-46,1/3 * alpha^21 * exp((-5)*alpha),4.3003585412777776e-46,25,0.0029346373089591212,alpha_exp_family,SIBLING_SHARED_ALPHA21,false
30,70,1.85302245024084e-45,((exp((1)-((3)^3)))^2)^2 * e,1.852116769517976e-45,17,0.0004887586347084987,mul,TRASH_BROAD_GRAMMAR,false
30,71,4.7967323539324966e-46,(((3/2)/((exp(4))^3))^3)^3,4.7975254354522745e-46,18,0.00016533787196356807,pow,TRASH_BROAD_GRAMMAR,false
30,72,2.7853934628231874e-46,1/5 * alpha^21 * exp((5)*alpha),2.7755427199774932e-46,26,0.0035365713954501154,alpha_exp_family,SIBLING_SHARED_ALPHA21,false
30,73,3.225085440813665e-45,5/2 * alpha^21 * exp((-5)*alpha),3.225268905958333e-45,27,5.688690983083888e-5,alpha_exp_family,SIBLING_SHARED_ALPHA21,false
30,74,2.3200645665583245e-45,((4)/((exp((5)^2))^-2))^-2,2.325047485013021e-45,17,0.0021477499059814283,pow,TRASH_BROAD_GRAMMAR,false
30,75,2.3774624827436897e-46,(((exp(1/2))^2)-(e))^3 * e,2.3807025948885723e-46,17,0.0013628447003476622,mul,TRASH_BROAD_GRAMMAR,false
30,76,8.508140603988889e-45,(e)/((((exp(e * pi))^2)^2)^3),8.495346242233951e-45,18,0.001503778833760638,div,TRASH_BROAD_GRAMMAR,false
30,77,8.978603020983046e-46,2/3 * alpha^21 * exp((1)*alpha),8.985657516312086e-46,24,0.000785700772442449,alpha_exp_family,SIBLING_SHARED_ALPHA21,false
30,78,9.070857384110601e-45,(((3)/((exp((3)^2))^2))^3)^2,9.097529714635414e-45,15,0.0029404420547427665,pow,TRASH_BROAD_GRAMMAR,false
30,79,3.32728385285731e-45,5/2 * alpha^21 * exp((-1/2)*alpha),3.332938725692533e-45,26,0.0016995462621460847,alpha_exp_family,SIBLING_SHARED_ALPHA21,false
30,80,3.8078113614139836e-46,((exp((5)^2) * pi)^-2)^2,3.819023395590739e-46,15,0.0029444825682204425,pow,TRASH_BROAD_GRAMMAR,false
30,81,5.180881357895839e-45,((exp(2))-((e)^2))^3 * (e)^2,5.1771364821207214e-45,18,0.0007228260051564522,mul,TRASH_BROAD_GRAMMAR,false
30,82,4.1520113309942844e-46,((((((((2/3)^2)^2)^2)^2)^2)^2)^2)^2 * 1/2,4.1649298030870535e-46,16,0.003111376887710835,mul,TRASH_BROAD_GRAMMAR,false
30,83,1.606772402733571e-44,(((alpha * pi)^3)^3)^3 * 3,1.6055791344963377e-44,18,0.0007426491986065876,mul,TRASH_BROAD_GRAMMAR,false
30,84,8.936591069475415e-45,((((((1/4)^2)^2)^2)^3)^3)/(5),8.96831017167883e-45,16,0.0035493514201133166,div,TRASH_BROAD_GRAMMAR,false
30,85,3.035411073036028e-45,(((3)/(exp((3)^3)))^2)^2 * 3,3.032509904878472e-45,18,0.0009557743869776937,mul,TRASH_BROAD_GRAMMAR,false
30,86,6.775045623825026e-45,5 * alpha^21 * exp((3/2)*alpha),6.763877367682252e-45,26,0.0016484399903521586,alpha_exp_family,SIBLING_SHARED_ALPHA21,false
30,87,2.845176500184011e-45,((((pi)^-3)^3)^3)^3 * (alpha)^2,2.865437702489782e-45,18,0.007121246187876566,mul,TRASH_BROAD_GRAMMAR,false
30,88,2.642211655130106e-46,1/5 * alpha^21 * exp((-3/2)*alpha),2.646964498402763e-46,26,0.0017988124696326382,alpha_exp_family,SIBLING_SHARED_ALPHA21,false
30,89,7.992163903668099e-46,(((2)/((((e)^3)^3)^2))^2)^3,7.986857362642941e-46,15,0.0006639679927888495,pow,TRASH_BROAD_GRAMMAR,false
30,90,8.801027670315612e-46,((e)/((exp((2 + pi)^2))^2))^2,8.802310254342007e-46,17,0.00014573116622739726,pow,TRASH_BROAD_GRAMMAR,false
30,91,2.5026225493412595e-46,((e)^3)/(((exp((1/3)^-3))^2)^2),2.5065674758999165e-46,17,0.0015763170357813085,div,TRASH_BROAD_GRAMMAR,false
30,92,2.431031957822347e-46,(exp((pi)^3 + 4))^-3,2.4598103090445568e-46,16,0.011837915634802573,pow,TRASH_BROAD_GRAMMAR,false
30,93,2.847393033330373e-45,((((pi)^-3)^3)^3)^3 * (alpha)^2,2.865437702489782e-45,18,0.006337259713775244,mul,TRASH_BROAD_GRAMMAR,false
30,94,1.022120535949611e-45,3/4 * alpha^21 * exp((5/2)*alpha),1.0220124445879084e-45,28,0.00010575206925284272,alpha_exp_family,SIBLING_SHARED_ALPHA21,false
30,95,4.299948439315215e-46,1/3 * alpha^21 * exp((-5)*alpha),4.3003585412777776e-46,25,9.537369304552595e-5,alpha_exp_family,SIBLING_SHARED_ALPHA21,false
30,96,4.7672243425750466e-45,((((alpha)^2 * pi)^2)^3 * pi)^2,4.743142004654297e-45,17,0.005051647707382924,pow,TRASH_BROAD_GRAMMAR,false
30,97,2.3114216257089537e-46,((((2 + 5)^-2)^3)^3)^3,2.315825540041047e-46,16,0.0019052838664787215,pow,TRASH_BROAD_GRAMMAR,false
30,98,1.27961732886167e-45,((((1/3)/(mp/me))^2)^3)^2,1.281266500781827e-45,16,0.0012888008648835403,pow,TRASH_BROAD_GRAMMAR,false
30,99,5.28481257470612e-46,2/5 * alpha^21 * exp((-3/2)*alpha),5.293928996805526e-46,27,0.0017250227837858274,alpha_exp_family,SIBLING_SHARED_ALPHA21,false
30,100,3.7391509163732894e-46,(pi)/(((exp((2 + pi)^2))^2)^2),3.7424635649553344e-46,17,0.0008859360470152027,div,TRASH_BROAD_GRAMMAR,false
30,101,1.9941605600257588e-46,(pi)/(((((1 + e)^3)^3)^3)^3),1.992614259038507e-46,18,0.0007754144868012688,div,TRASH_BROAD_GRAMMAR,false
30,102,2.3354568827424145e-45,(alpha)/((((mtau/me)^2)^2)^3),2.3354163435033942e-45,17,1.7358162045226418e-5,div,TRASH_BROAD_GRAMMAR,false
30,103,5.409994109298685e-45,4 * alpha^21 * exp((3/2)*alpha),5.411101894145802e-45,26,0.0002047663684537071,alpha_exp_family,SIBLING_SHARED_ALPHA21,false
30,104,6.1154177209917925e-46,((((alpha)^3 * 5)^2)^2)^2 * 3,6.093252829788806e-46,18,0.0036244279972736768,mul,TRASH_BROAD_GRAMMAR,false
30,105,5.669058577684862e-45,(((((1 + exp(pi))^2)^2)^-2)^2)^2,5.649483595825039e-45,15,0.0034529510661393736,pow,TRASH_BROAD_GRAMMAR,false
30,106,3.9843671058946456e-45,3 * alpha^21 * exp((-1)*alpha),3.984960083622894e-45,23,0.0001488260776401245,alpha_exp_family,SIBLING_SHARED_ALPHA21,false
30,107,1.7399896125155942e-44,((((2 * alpha)^2)^3)^2)^2 * 2,1.7446881086801564e-44,17,0.002700301272356086,mul,TRASH_BROAD_GRAMMAR,false
30,108,1.6873322378733594e-45,5/4 * alpha^21 * exp((1)*alpha),1.6848107843085165e-45,26,0.0014943432646203842,alpha_exp_family,SIBLING_SHARED_ALPHA21,false
30,109,9.863128011665578e-45,(2)/((exp((pi)^3 + 3))^3),9.881322157270423e-45,18,0.0018446628273834998,div,TRASH_BROAD_GRAMMAR,false
30,110,1.262677021126362e-44,((((3/2 + 5)^-3)^3)^2)^3,1.266714498154342e-44,17,0.0031975532621781686,pow,TRASH_BROAD_GRAMMAR,false
30,111,3.8266894216537185e-45,(1/3)/((exp((pi)^3 + e))^3),3.834508902049741e-45,18,0.0020434060709957846,div,TRASH_BROAD_GRAMMAR,false
30,112,1.324328635589906e-44,(((4)/((alpha)^2))^3)^-3,1.3135179441904139e-44,15,0.008163148563707177,pow,TRASH_BROAD_GRAMMAR,false
30,113,2.9348975032603513e-46,(((alpha * e)^3)^3)^3 * e,2.9221963329048346e-46,18,0.004327636771439939,mul,TRASH_BROAD_GRAMMAR,false
30,114,5.689503273492365e-46,((4)/((((3)/(alpha))^2)^3))^3,5.688179870517514e-46,18,0.0002326043085372472,pow,TRASH_BROAD_GRAMMAR,false
30,115,9.10124699389006e-46,((e * pi)/((exp((3)^3))^2))^2,9.100906731879855e-46,18,3.738630656148186e-5,pow,TRASH_BROAD_GRAMMAR,false
30,116,1.754133216610914e-45,4/3 * alpha^21 * exp((-5/2)*alpha),1.751812647547939e-45,28,0.0013229149536649759,alpha_exp_family,CANONICAL_G,false
30,117,5.595116197167308e-46,(((((alpha)^2)/(5))^3)^3)/(pi),5.6117203468444224e-46,18,0.002967614807628311,div,TRASH_BROAD_GRAMMAR,false
30,118,3.023583169508693e-45,(((3)/(exp((3)^3)))^2)^2 * 3,3.032509904878472e-45,18,0.0029523697114736164,mul,TRASH_BROAD_GRAMMAR,false
30,119,7.3178661800915e-45,(((((1 + pi)^-3)^2)^2)^3)^2 * 2,7.327882875541531e-45,18,0.0013688000304354485,mul,TRASH_BROAD_GRAMMAR,false
30,120,3.7732458212097554e-45,(exp((5)^2 * 2) * pi)^-2,3.7692250112985615e-45,18,0.0010656103794225407,pow,TRASH_BROAD_GRAMMAR,false
30,121,8.834657696447706e-46,((((((1/3)^2)^2)^2)^2 * 4/3)^3)^2,8.830635656454272e-46,16,0.00045525702654569585,pow,TRASH_BROAD_GRAMMAR,false
30,122,3.481048823227955e-45,5/2 * alpha^21 * exp((5)*alpha),3.469428399971866e-45,27,0.0033381959995935537,alpha_exp_family,SIBLING_SHARED_ALPHA21,false
30,123,3.0508294276238326e-46,((5)^2)/(((exp((1/3)^-3))^2)^2),3.1198661572823327e-46,17,0.022628839565203115,div,TRASH_BROAD_GRAMMAR,false
30,124,1.4814089381597748e-44,((exp((4)^2))^-2)^3 * alpha,1.482159926086135e-44,17,0.0005069416735752778,mul,TRASH_BROAD_GRAMMAR,false
30,125,2.1603045843658174e-46,(((exp((1)-((3)^3)))^2)^2)/(pi),2.1688224963728754e-46,17,0.003942921784595705,div,TRASH_BROAD_GRAMMAR,false
30,126,1.1513849533654482e-44,(1)/((exp((pi)^3 + e))^3),1.1503526706149223e-44,17,0.000896557443719057,div,TRASH_BROAD_GRAMMAR,false
30,127,9.932546731787573e-45,((exp(1 + pi * e))^3)^-3,9.916348160497441e-45,18,0.0016308577978586952,pow,TRASH_BROAD_GRAMMAR,false
30,128,9.15940719828288e-45,(5)/((exp((e + pi)^2))^3),9.128307148721043e-45,18,0.003395421656509314,div,TRASH_BROAD_GRAMMAR,false
30,129,1.2598383568941732e-44,((((3/2 + 5)^-3)^3)^2)^3,1.266714498154342e-44,17,0.005457955159517756,pow,TRASH_BROAD_GRAMMAR,false
30,130,5.0850660161595066e-46,(((3)/(exp((3)^3)))^2)^2 * 1/2,5.054183174797453e-46,18,0.0060732429557281645,mul,TRASH_BROAD_GRAMMAR,false
30,131,2.0826471087025476e-46,((((((1/3)^2)^2)^2)^2)^2)^3 * 4/3,2.0955512348812385e-46,16,0.006196021459790178,mul,TRASH_BROAD_GRAMMAR,false
30,132,4.098558155854424e-46,(((((pi)-(((3)^2)^2))^2)^2)^-2)^3,4.061323877987701e-46,15,0.009084726006275605,pow,TRASH_BROAD_GRAMMAR,false
30,133,4.0618673567641165e-46,(((((pi)-(((3)^2)^2))^2)^2)^-2)^3,4.061323877987701e-46,15,0.00013380022750148098,pow,TRASH_BROAD_GRAMMAR,false
30,134,1.74006211483404e-45,((((2 * alpha)^2)^3)^2)^2 * 1/5,1.7446881086801566e-45,18,0.0026585222485334455,mul,TRASH_BROAD_GRAMMAR,false
30,135,5.354967530200679e-46,2/5 * alpha^21,5.3521948041983455e-46,15,0.000517785773059551,alpha_family,SIBLING_PRE_EXP_TRUNCATION,false
30,136,9.073805604396351e-45,(((3)/((exp((3)^2))^2))^3)^2,9.097529714635414e-45,15,0.0026145711373371347,pow,TRASH_BROAD_GRAMMAR,false
30,137,3.557943554940274e-45,(((alpha)^2 * 1/5)^3)^3 * 2,3.525947883129361e-45,18,0.008992742947393407,mul,TRASH_BROAD_GRAMMAR,false
30,138,3.2481847737443216e-45,5/2 * alpha^21 * exp((-4)*alpha),3.2488909145331056e-45,27,0.00021739551102259582,alpha_exp_family,SIBLING_SHARED_ALPHA21,false
30,139,9.280574976212761e-46,2/3 * alpha^21 * exp((5)*alpha),9.251809066591642e-46,26,0.003099582697715381,alpha_exp_family,SIBLING_SHARED_ALPHA21,false
30,140,3.578017035225023e-46,((exp((2 + pi)^2))^2)^-2 * 3,3.573789454223748e-46,18,0.0011815430054286848,mul,TRASH_BROAD_GRAMMAR,false
30,141,1.3566516800468302e-44,((e)/((((((5)^2)^2)^2)^2)^2))^2,1.3630402680325633e-44,14,0.0047090849329229105,pow,TRASH_BROAD_GRAMMAR,false
30,142,1.86493494379925e-46,(((((((1/5)^2)^2)^2)^2)^2)^2)/((pi)^2),1.8690459438955443e-46,15,0.0022043664900820866,div,TRASH_BROAD_GRAMMAR,false
30,143,4.9152528719168955e-46,((((3 * alpha)^3)^3)^3)/(pi),4.904422801390855e-46,18,0.00220335978804218,div,TRASH_BROAD_GRAMMAR,false
30,144,2.825046925437939e-45,((exp(2))-((e)^2))^3 * (2)^2,2.802596928649634e-45,18,0.007946769515987604,mul,TRASH_BROAD_GRAMMAR,false
30,145,1.2172458983743039e-45,(2/3)/((exp((e + pi)^2))^3),1.2171076198294724e-45,18,0.00011359951593689677,div,TRASH_BROAD_GRAMMAR,false
30,146,7.726044520677718e-45,(((((((pi)^2)^2)^2 * 1/2)^2)^2)-(1))^-3,7.690811540768896e-45,18,0.004560286937840602,pow,TRASH_BROAD_GRAMMAR,false
30,147,8.663062173050995e-46,2/3 * alpha^21 * exp((-4)*alpha),8.663709105421614e-46,26,7.467710120230574e-5,alpha_exp_family,SIBLING_SHARED_ALPHA21,false
30,148,1.9750106194461094e-45,3/2 * alpha^21 * exp((-2)*alpha),1.9779931347804378e-45,25,0.001510126226645184,alpha_exp_family,SIBLING_SHARED_ALPHA21,false
30,149,4.604395563377851e-45,(5/2)/(((((((5)^2)^2)^2)^2)^2)^2),4.611686018427387e-45,16,0.00158336853321684,div,TRASH_BROAD_GRAMMAR,false
30,150,1.2960348170049248e-45,1 * alpha^21 * exp((-4)*alpha),1.2995563658132423e-45,24,0.0027171714541246667,alpha_exp_family,SIBLING_SHARED_ALPHA21,false
30,151,2.872379188895384e-45,(((mmu/me)^3 * 3)^-2)^3,2.874497253062544e-45,18,0.0007373901660854351,pow,TRASH_BROAD_GRAMMAR,false
30,152,1.712864607327718e-45,((((((e)^-2)^2)^3)^3)^3)/(alpha),1.710135903486206e-45,17,0.0015930645246790697,div,TRASH_BROAD_GRAMMAR,false
30,153,3.3844616969143272e-46,((((alpha)^2 * e)^2)^2)^3 * 4,3.3850234653884815e-46,18,0.00016598458616517975,mul,TRASH_BROAD_GRAMMAR,false
30,154,8.47461066270926e-46,(((((5)/(alpha))^2)^2)^2)^-2 * 2,8.475302329960135e-46,18,8.161640438746787e-5,mul,TRASH_BROAD_GRAMMAR,false
30,155,1.3735768862359136e-45,1 * alpha^21 * exp((4)*alpha),1.3776811637255124e-45,24,0.0029880216613473085,alpha_exp_family,SIBLING_SHARED_ALPHA21,false
30,156,6.493550710555878e-46,1/2 * alpha^21 * exp((-4)*alpha),6.4977818290662115e-46,25,0.0006515878136526572,alpha_exp_family,SIBLING_SHARED_ALPHA21,false
30,157,2.773088540565719e-45,2 * alpha^21 * exp((5)*alpha),2.775542719977493e-45,25,0.0008849985768119289,alpha_exp_family,SIBLING_SHARED_ALPHA21,false
30,158,4.089491540539331e-45,3 * alpha^21 * exp((5/2)*alpha),4.088049778351634e-45,26,0.0003525529209206391,alpha_exp_family,SIBLING_SHARED_ALPHA21,false
30,159,1.3877756993589214e-44,((exp((5)^2 * 2))^-2)/(e),1.3685394711738534e-44,18,0.013861193991186106,div,TRASH_BROAD_GRAMMAR,false
30,160,2.884973955696365e-46,(exp(pi))/(((exp((3)^3))^2)^2),2.8878345520432668e-46,17,0.000991550145974004,div,TRASH_BROAD_GRAMMAR,false
30,161,1.1547339266317194e-44,(1)/((exp((pi)^3 + e))^3),1.1503526706149223e-44,17,0.0037941693023405055,div,TRASH_BROAD_GRAMMAR,false
30,162,4.525993232469377e-46,1/3 * alpha^21 * exp((2)*alpha),4.52573442975883e-46,24,5.718141792394977e-5,alpha_exp_family,SIBLING_SHARED_ALPHA21,false
30,163,3.0562272925515517e-46,((5)^2)/(((exp((1/3)^-3))^2)^2),3.1198661572823327e-46,17,0.02082268713648287,div,TRASH_BROAD_GRAMMAR,false
30,164,9.293935896431099e-45,(((exp((5)^2))^-2)/(2))^2,9.300189940052085e-45,15,0.0006729165867593068,pow,TRASH_BROAD_GRAMMAR,false
30,165,1.03525048890801e-44,(pi)/((exp((pi)^3 + pi))^3),1.0149770241362526e-44,18,0.019583149188504026,div,TRASH_BROAD_GRAMMAR,false
30,166,4.4096504255067163e-45,((((alpha)^2 * 3)^2)^3 * 4)^2,4.421228376222087e-45,18,0.002625593776867338,pow,TRASH_BROAD_GRAMMAR,false
30,167,4.175168673021971e-45,(((((alpha)/(2))^3)^3)^2)/(pi),4.18105747315617e-45,17,0.0014104340675503346,div,TRASH_BROAD_GRAMMAR,false
30,168,5.461791183700933e-46,2/5 * alpha^21 * exp((3)*alpha),5.470657324703611e-46,26,0.0016233028148597327,alpha_exp_family,SIBLING_SHARED_ALPHA21,false
30,169,3.997643764107035e-46,(2)/(((1/2 * exp((3)^3))^2)^2),3.9934286813214426e-46,18,0.0010543917953465248,div,TRASH_BROAD_GRAMMAR,false
30,170,5.7084113842964895e-46,((4)/((((3)/(alpha))^2)^3))^3,5.688179870517514e-46,18,0.0035441583335482033,pow,TRASH_BROAD_GRAMMAR,false
30,171,5.793759334260033e-46,((exp((e + pi)^2))^-3)/(pi),5.811260819120156e-46,18,0.003020747644216371,div,TRASH_BROAD_GRAMMAR,false
30,172,1.0865269637242048e-44,(1/2)/((((((exp(pi))^2)^2)^2)^2)^2),1.0937716976066177e-44,15,0.0066677902383394765,div,TRASH_BROAD_GRAMMAR,false
30,173,3.261332121413075e-45,5/2 * alpha^21 * exp((-3)*alpha),3.272685931717509e-45,26,0.0034813413297858607,alpha_exp_family,SIBLING_SHARED_ALPHA21,false
30,174,8.917237999842545e-45,((((((1/4)^2)^2)^2)^3)^3)/(5),8.96831017167883e-45,16,0.00572735322721971,div,TRASH_BROAD_GRAMMAR,false
30,175,1.771595156897959e-45,4/3 * alpha^21 * exp((-1)*alpha),1.771093370499064e-45,25,0.00028323987957489964,alpha_exp_family,SIBLING_LOCAL_DEFORMATION,false
30,176,2.273716668244008e-46,((exp((1)-((3)^3)))^2)^2 * 1/3,2.271185607181767e-46,17,0.0011131822612690152,mul,TRASH_BROAD_GRAMMAR,false
30,177,1.132769755648644e-44,(e)/(((exp((5)^2))^2 * 3)^2),1.1235794362338312e-44,18,0.008113139822973396,div,TRASH_BROAD_GRAMMAR,false
30,178,1.832136233307839e-45,4/3 * alpha^21 * exp((4)*alpha),1.836908218300683e-45,27,0.0026046016153659073,alpha_exp_family,SIBLING_LOCAL_DEFORMATION,false
30,179,1.4737192052426364e-44,((exp((4)^2))^-2)^3 * alpha,1.482159926086135e-44,17,0.005727495993450677,mul,TRASH_BROAD_GRAMMAR,false
30,180,9.601280971962379e-45,(((1 + pi)/((alpha)^2))^3)^-3,9.604383600746465e-45,17,0.00032314737930772225,pow,TRASH_BROAD_GRAMMAR,false
30,181,5.844051059759211e-45,((((1/3)/(exp((e)^2)))^2)^3)^2,5.837534502948854e-45,15,0.00111507526948707,pow,TRASH_BROAD_GRAMMAR,false
30,182,6.3128137707298775e-46,(4)/(((((((3)^2)^2)^2)^2)^2)^3),6.286653704643731e-46,15,0.0041439629040604916,div,TRASH_BROAD_GRAMMAR,false
30,183,3.546765865439591e-46,(3)/(((exp((2 + pi)^2))^2)^2),3.573789454223748e-46,17,0.007619219821494392,div,TRASH_BROAD_GRAMMAR,false
30,184,9.522456283578323e-46,((5/2 * exp((5)^2))^2)^-2,9.52339449861334e-46,17,9.852657834042481e-5,pow,TRASH_BROAD_GRAMMAR,false
30,185,2.5213630338589943e-45,((4)^2)/(((((((3)^2)^2)^2)^2)^2)^3),2.5146614818574923e-45,16,0.0026579084056948033,div,TRASH_BROAD_GRAMMAR,false
30,186,2.2031901164098665e-45,(pi)/(((exp(2))-((e)^2))^-3),2.201154480504752e-45,18,0.0009239492724447925,div,TRASH_BROAD_GRAMMAR,false
30,187,7.317419299282455e-45,(((((1 + pi)^-3)^2)^2)^3)^2 * 2,7.327882875541531e-45,18,0.0014299544458388237,mul,TRASH_BROAD_GRAMMAR,false
30,188,7.491259089320022e-45,(((pi)^3)^2 * exp((3)^3))^-3,7.472213242836686e-45,18,0.0025424092607460747,pow,TRASH_BROAD_GRAMMAR,false
30,189,1.5362555803491135e-45,((((3)/((alpha)^-1))^3)^3)^3,1.5407698642947718e-45,15,0.0029384979969494978,pow,TRASH_BROAD_GRAMMAR,false
30,190,9.628536727126692e-46,((((((1/3)-((3)^2))^2)^2)^2)^-2)^3,9.618326689658585e-46,15,0.0010603934696890639,pow,TRASH_BROAD_GRAMMAR,false
30,191,1.846157329779018e-46,((exp((1/2)-((3)^3)))^2)^2 * 2,1.8442292845851755e-46,18,0.00104435584266987,mul,TRASH_BROAD_GRAMMAR,false
30,192,6.197835936425674e-45,((3/2)/(exp((e + pi)^2)))^3,6.161607325386705e-45,18,0.00584536464188207,pow,TRASH_BROAD_GRAMMAR,false
30,193,9.982265067197336e-45,(e)/((((((1 + pi)^2)^3)^2)^2)^3),9.959625430830423e-45,17,0.002267985894434826,div,TRASH_BROAD_GRAMMAR,false
30,194,2.0272636111541416e-46,((((alpha)^3 * 5)^2)^2)^2,2.031084276596269e-46,14,0.00188464165247468,pow,TRASH_BROAD_GRAMMAR,false
30,195,4.0645110731384546e-45,3 * alpha^21 * exp((3/2)*alpha),4.058326420609352e-45,25,0.001521622753097173,alpha_exp_family,SIBLING_SHARED_ALPHA21,false
30,196,6.43991286238352e-46,1/2 * alpha^21 * exp((-5)*alpha),6.450537811916667e-46,25,0.0016498592077555043,alpha_exp_family,SIBLING_SHARED_ALPHA21,false
30,197,1.0728883524085757e-45,4/5 * alpha^21 * exp((1/2)*alpha),1.0743517800546862e-45,27,0.0013640073944554678,alpha_exp_family,SIBLING_SHARED_ALPHA21,false
30,198,1.990675284927066e-45,3/2 * alpha^21 * exp((-1)*alpha),1.992480041811447e-45,24,0.0009066053605258572,alpha_exp_family,SIBLING_SHARED_ALPHA21,false
30,199,4.506122764594183e-45,((pi)/((3 * exp((5)^2))^2))^2,4.532799780903951e-45,18,0.005920170777275893,pow,TRASH_BROAD_GRAMMAR,false
30,200,9.43760318551166e-46,((((alpha)^2)^2)^2 * ((1/4)^3)^3)^2,9.40947578738098e-46,17,0.002980353971001823,pow,TRASH_BROAD_GRAMMAR,false
30,201,4.319572275227826e-46,1/3 * alpha^21 * exp((-4)*alpha),4.331854552710807e-46,25,0.0028434013139259397,alpha_exp_family,SIBLING_SHARED_ALPHA21,false
30,202,1.5487922555170564e-45,((((((1/3)^2)^2)^2)^2)^3 * pi)^2,1.5511696267869084e-45,14,0.001534983960168587,pow,TRASH_BROAD_GRAMMAR,false
30,203,6.08955307140919e-45,(((((1/4)^2)^2)^3)^2)^3 * (e)^-2,6.068643986189745e-45,17,0.0034335993092193726,mul,TRASH_BROAD_GRAMMAR,false
30,204,1.1672702726939715e-44,(((exp((5)^2))^-2)^2)/(pi),1.1841369605222458e-44,15,0.014449685066807405,div,TRASH_BROAD_GRAMMAR,false
30,205,1.2839348569232579e-45,((((e)/((5)^3))^3)^3)^3,1.2864137106881016e-45,16,0.0019306694194625188,pow,TRASH_BROAD_GRAMMAR,false
30,206,5.589815678024079e-45,((((e)/((((pi)^2)^2)^3))^2)^2)^2,5.5971645725799786e-45,14,0.0013146935389643166,pow,TRASH_BROAD_GRAMMAR,false
30,207,6.416344766996494e-46,1/2 * alpha^21 * exp((-5)*alpha),6.450537811916667e-46,25,0.005329053559598354,alpha_exp_family,SIBLING_SHARED_ALPHA21,false
30,208,1.2559465970563162e-44,((((3/2 + 5)^-3)^3)^2)^3,1.266714498154342e-44,17,0.00857353419585171,pow,TRASH_BROAD_GRAMMAR,false
30,209,2.0724255255549665e-45,3/2 * alpha^21 * exp((4)*alpha),2.0665217455882686e-45,26,0.0028487296136332782,alpha_exp_family,SIBLING_SHARED_ALPHA21,false
30,210,1.9602739201070282e-45,3/2 * alpha^21 * exp((-3)*alpha),1.9636115590305056e-45,25,0.0017026390491871656,alpha_exp_family,SIBLING_SHARED_ALPHA21,false
30,211,1.5072714781109052e-45,((exp((5)^2 + 4/5))^2)^-2,1.516384957495807e-45,18,0.006046342359190512,pow,TRASH_BROAD_GRAMMAR,false
30,212,9.245446816367288e-46,((((alpha)^2)/(pi))^3 * 1/5)^3,9.240959456309575e-46,18,0.0004853589174045276,pow,TRASH_BROAD_GRAMMAR,false
30,213,1.2539475308310984e-44,(e * exp((3 + e)^2))^-3,1.2429690125885463e-44,18,0.00875516556524159,pow,TRASH_BROAD_GRAMMAR,false
30,214,3.562157677947651e-46,(3)/(((exp((2 + pi)^2))^2)^2),3.573789454223748e-46,17,0.003265373778400023,div,TRASH_BROAD_GRAMMAR,false
30,215,3.964400956426166e-46,(2)/((((exp((3)^3))/(2))^2)^2),3.9934286813214426e-46,18,0.007322096128602626,div,TRASH_BROAD_GRAMMAR,false
30,216,7.840660943833894e-45,((((3)^3 + (4)^2)^3)^3)^-3,7.876834114369206e-45,18,0.004613535873370478,pow,TRASH_BROAD_GRAMMAR,false
30,217,9.170345846635233e-45,(5)/((exp((e + pi)^2))^3),9.128307148721043e-45,18,0.004584199834689485,div,TRASH_BROAD_GRAMMAR,false
30,218,2.075437417163622e-45,3/2 * alpha^21 * exp((5)*alpha),2.08165703998312e-45,26,0.002996776856802488,alpha_exp_family,SIBLING_SHARED_ALPHA21,false
30,219,2.1635119250977153e-46,(((exp((1)-((3)^3)))^2)^2)/(pi),2.1688224963728754e-46,17,0.0024546068887141685,div,TRASH_BROAD_GRAMMAR,false
30,220,5.924946076486608e-46,(5)/(((exp((2 + pi)^2))^2)^2),5.95631575703958e-46,18,0.005294509038228063,div,TRASH_BROAD_GRAMMAR,false
30,221,2.7243269995596077e-45,2 * alpha^21 * exp((5/2)*alpha),2.725366518901089e-45,26,0.0003815692248578938,alpha_exp_family,SIBLING_SHARED_ALPHA21,false
30,222,2.0486360432187438e-45,3/2 * alpha^21 * exp((3)*alpha),2.051496496763854e-45,25,0.0013962721951410694,alpha_exp_family,SIBLING_SHARED_ALPHA21,false
30,223,1.519226132484977e-44,((((1/3 + pi)^3)^-3)^3)^3,1.5254912764204304e-44,16,0.004123904796980909,pow,TRASH_BROAD_GRAMMAR,false
30,224,7.369382276047205e-45,(((((4)^3 + 5)^-3)^2)^2)^2,7.372619529029915e-45,17,0.0004392841708364538,pow,TRASH_BROAD_GRAMMAR,false
30,225,8.599256821701412e-45,((((1/3)^-3)^3 * 4)^-3)^3,8.60277265063649e-45,18,0.000408852649476137,pow,TRASH_BROAD_GRAMMAR,false
30,226,4.3279264052493304e-46,1/3 * alpha^21 * exp((-4)*alpha),4.331854552710807e-46,25,0.0009076280633405037,alpha_exp_family,SIBLING_SHARED_ALPHA21,false
30,227,7.303316062183826e-46,((((((1/3)^2)^2)^2)^2)^2 * 5/3)^3,7.276219565559858e-46,16,0.0037101634919338242,pow,TRASH_BROAD_GRAMMAR,false
30,228,3.489058375432701e-46,(((exp(2))-((e)^2))^3)/(2),3.503246160812043e-46,17,0.004066365148614679,div,TRASH_BROAD_GRAMMAR,false
30,229,4.918004705288018e-46,((((3 * alpha)^3)^3)^3)/(pi),4.904422801390855e-46,18,0.0027616695613486507,div,TRASH_BROAD_GRAMMAR,false
30,230,3.3779143077648935e-45,5/2 * alpha^21 * exp((3/2)*alpha),3.381938683841126e-45,27,0.0011913789722201482,alpha_exp_family,SIBLING_SHARED_ALPHA21,false
30,231,2.3185689704188886e-45,(1)/((exp((1/4)/(alpha)))^3),2.3148152337825184e-45,17,0.0016189885590041314,div,TRASH_BROAD_GRAMMAR,false
30,232,3.9671277084490205e-46,(2)/((((exp((3)^3))/(2))^2)^2),3.9934286813214426e-46,18,0.006629726796142059,div,TRASH_BROAD_GRAMMAR,false
30,233,7.93223285058304e-46,3/5 * alpha^21 * exp((-3/2)*alpha),7.940893495208289e-46,27,0.0010918293484806826,alpha_exp_family,SIBLING_SHARED_ALPHA21,false
30,234,1.0375354800909218e-44,(pi)/((exp((pi)^3 + pi))^3),1.0149770241362526e-44,18,0.021742346539023693,div,TRASH_BROAD_GRAMMAR,false
30,235,3.6964591590852815e-45,(2)/(((((((1/5)^2)^2)^2)^2)^2)^-2),3.689348814741937e-45,15,0.0019235554992859765,div,TRASH_BROAD_GRAMMAR,false
30,236,6.458567895004864e-46,((((((1/3)^2)/(2))^2)^2)^3)^3,6.4593648560515705e-46,14,0.00012339593849013987,pow,TRASH_BROAD_GRAMMAR,false
30,237,1.1258490435146287e-45,4/5 * alpha^21 * exp((5)*alpha),1.1102170879909973e-45,28,0.013884592800143264,alpha_exp_family,SIBLING_SHARED_ALPHA21,false
30,238,2.436606501053989e-46,(exp((pi)^3 + 4))^-3,2.4598103090445568e-46,16,0.00952300175696437,pow,TRASH_BROAD_GRAMMAR,false
30,239,1.3300260665736217e-45,5/5 * alpha^21 * exp((-1)*alpha),1.328320027874298e-45,26,0.001282710724398562,alpha_exp_family,SIBLING_SHARED_ALPHA21,false
30,240,4.878401067748756e-45,((((((3)^2)^2)^2)^-2)^2 * pi)^3,4.873143103985386e-45,15,0.0010778047336310456,pow,TRASH_BROAD_GRAMMAR,false
30,241,1.1681519898081833e-45,((e)^2)/(((((((3)^2)^2)^2)^2)^2)^3),1.161310922454068e-45,15,0.005856316141907697,div,TRASH_BROAD_GRAMMAR,false
30,242,8.712636848062186e-45,((((2 * alpha)^-2)^-2)^2)^3,8.723440543400765e-45,15,0.0012400029436532556,pow,TRASH_BROAD_GRAMMAR,false
30,243,4.980732630256275e-46,((((1/2)^2)/(((((e)^2)^2)^2)^2))^2)^3,4.958722321129931e-46,15,0.004419090676066097,pow,TRASH_BROAD_GRAMMAR,false
30,244,2.8472911018090537e-46,(((((3)-(pi))^2)^3)^3)^3 * 2,2.86568814479032e-46,18,0.006461244152232197,mul,TRASH_BROAD_GRAMMAR,false
30,245,3.292201582109513e-45,5/2 * alpha^21 * exp((-2)*alpha),3.296655224634062e-45,26,0.0013527854882129146,alpha_exp_family,SIBLING_SHARED_ALPHA21,false
30,246,2.8617918612865372e-46,(((((3)-(pi))^2)^3)^3)^3 * 2,2.86568814479032e-46,18,0.001361483885844628,mul,TRASH_BROAD_GRAMMAR,false
30,247,4.678326179012223e-46,(((exp(2))-((e)^2))^3)/(3/2),4.670994881082723e-46,18,0.001567077123093516,div,TRASH_BROAD_GRAMMAR,false
30,248,1.903853821873628e-46,(3)/(((((1 + e)^3)^3)^3)^3),1.902806454008237e-46,18,0.0005501304004318655,div,TRASH_BROAD_GRAMMAR,false
30,249,7.319231930859795e-45,(((((1 + pi)^-3)^2)^2)^3)^2 * 2,7.327882875541531e-45,18,0.0011819470626776602,mul,TRASH_BROAD_GRAMMAR,false
30,250,1.2787878555885018e-45,((((1/3)/(mp/me))^2)^3)^2,1.281266500781827e-45,16,0.0019382770820766044,pow,TRASH_BROAD_GRAMMAR,false
30,251,5.131790171122508e-46,((((3 * alpha)^3)^3)^3)/(3),5.135899547649261e-46,18,0.0008007686186931155,div,TRASH_BROAD_GRAMMAR,false
30,252,1.9217895291079347e-45,(((exp((pi)^2 + 3))^2)^-2)^2,1.933813530749018e-45,15,0.00625666934852355,pow,TRASH_BROAD_GRAMMAR,false
30,253,2.8529828624925475e-45,((((pi)^-3)^3)^3)^3 * (alpha)^2,2.865437702489782e-45,18,0.0043655502319959166,mul,TRASH_BROAD_GRAMMAR,false
30,254,1.141766374482545e-44,(1 + exp((pi)^3 + e))^-3,1.1503526706149145e-44,18,0.00752018654977545,pow,TRASH_BROAD_GRAMMAR,false
30,255,1.0791637807872545e-44,(((alpha * pi)^3)^3)^3 * 2,1.070386089664225e-44,18,0.008133789587180234,mul,TRASH_BROAD_GRAMMAR,false
30,256,2.225959028342949e-45,5/3 * alpha^21 * exp((-1/2)*alpha),2.221959150461689e-45,26,0.0017969234070933267,alpha_exp_family,SIBLING_SHARED_ALPHA21,false
40,1,1.1549536898639945e-45,(((1/5)/(((3)^3)^3))^3)^3,1.1546445996689718e-45,16,0.00026762128883207046,pow,TRASH_BROAD_GRAMMAR,false
40,2,1.6071702871314295e-44,(((alpha * pi)^3)^3)^3 * 3,1.6055791344963377e-44,18,0.0009900336310546213,mul,TRASH_BROAD_GRAMMAR,false
40,3,1.8714554696405263e-45,(exp((1/4 + 3)^3))^-3,1.8812833646728582e-45,16,0.005251471483967301,pow,TRASH_BROAD_GRAMMAR,false
40,4,6.943231774669741e-45,(3)/((exp((1/4)/(alpha)))^3),6.944445701347555e-45,18,0.00017483597224025985,div,TRASH_BROAD_GRAMMAR,false
40,5,1.2831276472986659e-44,((((3/2 + 5)^3)^-3)^3)^2,1.266714498154343e-44,17,0.012791517023950783,pow,TRASH_BROAD_GRAMMAR,false
40,6,1.4107297519635371e-44,(((2/5)/(((pi)^3)^3))^3)^3,1.4105881584538104e-44,17,0.00010036898245721992,pow,TRASH_BROAD_GRAMMAR,false
40,7,6.535926287514747e-45,5 * alpha^21 * exp((-3)*alpha),6.545371863435018e-45,25,0.0014451778531092607,alpha_exp_family,SIBLING_SHARED_ALPHA21,false
40,8,8.791070224053722e-45,(e)/((exp((pi)^3 + pi))^3),8.78214939120259e-45,18,0.0010147607314890507,div,TRASH_BROAD_GRAMMAR,false
40,9,5.120162421464113e-45,((((4)^3)^-3 * pi)^3)^3,5.099053359236339e-45,17,0.004122732931143653,pow,TRASH_BROAD_GRAMMAR,false
40,10,1.412727072461089e-44,(((2/5)/(((pi)^3)^3))^3)^3,1.4105881584538104e-44,17,0.0015140320087109337,pow,TRASH_BROAD_GRAMMAR,false
40,11,1.1635187417635144e-45,((e)^2)/(((((((3)^2)^2)^2)^2)^2)^3),1.161310922454068e-45,15,0.0018975365245084465,div,TRASH_BROAD_GRAMMAR,false
40,12,2.181562859353305e-45,5/3 * alpha^21 * exp((-3)*alpha),2.1817906211450063e-45,26,0.00010440303873199996,alpha_exp_family,SIBLING_SHARED_ALPHA21,false
40,13,4.8108061801297614e-46,((((2)/((((pi)^3)^2)^2))^2)^2)^2,4.80675721298054e-46,14,0.0008416400490098723,pow,TRASH_BROAD_GRAMMAR,false
40,14,2.4224607725174274e-45,(((pi)/(exp((3)^3)))^2)^2 * 2,2.431226612228979e-45,18,0.003618568280237663,mul,TRASH_BROAD_GRAMMAR,false
40,15,3.1226439902211784e-45,(((exp(e * pi))^-3)^2)^2,3.1252632281509375e-45,15,0.0008387885195883454,pow,TRASH_BROAD_GRAMMAR,false
40,16,1.978016652946469e-46,((((2/3 + 3)^-3)^3)^3)^3,1.9679503372510285e-46,17,0.005089095524269432,pow,TRASH_BROAD_GRAMMAR,false
40,17,1.7848902294664108e-45,4/3 * alpha^21,1.7840649347327815e-45,15,0.0004623784252973433,alpha_family,SIBLING_PRE_EXP_TRUNCATION,false
40,18,7.275297967276395e-46,((((((((1)-(e))^2)^2)^2)^2)^2)^3)^-2,7.275715742346166e-46,15,5.742377448316453e-5,pow,TRASH_BROAD_GRAMMAR,false
40,19,1.3955124427749496e-44,((exp(2))-((e)^2) * e)^3,1.4072916022801143e-44,17,0.008440741296252458,pow,TRASH_BROAD_GRAMMAR,false
40,20,2.0714294191930774e-46,((((pi)^3)^3 * 4)^-3)^3,2.052675930395794e-46,17,0.009053404679648094,pow,TRASH_BROAD_GRAMMAR,false
40,21,9.389226455488126e-46,((((alpha)^2)^2)^2 * ((1/4)^3)^3)^2,9.40947578738098e-46,17,0.0021566560343231067,pow,TRASH_BROAD_GRAMMAR,false
40,22,1.1281420727110122e-44,(e)/(((exp((5)^2))^2 * 3)^2),1.1235794362338312e-44,18,0.004044381100171767,div,TRASH_BROAD_GRAMMAR,false
40,23,5.874038660456768e-45,((((mtau/me)^-3)/(e))^2)^2,5.861665857081411e-45,17,0.0021063537525977697,pow,TRASH_BROAD_GRAMMAR,false
40,24,1.5795569627456903e-44,(exp(((pi)-(3))^-2))^-2 * 1/3,1.5792395128150108e-44,18,0.00020097403143206044,mul,TRASH_BROAD_GRAMMAR,false
40,25,4.806072463228433e-45,(((alpha)^2 * 1/5)^3)^3 * e,4.7922600294020895e-45,18,0.0028739545506280277,mul,TRASH_BROAD_GRAMMAR,false
40,26,2.4615435208940228e-45,(((((((5)^-2)^2)^2)^2)^2)^2)/(3/4),2.4595658764946238e-45,17,0.0008034163859433789,div,TRASH_BROAD_GRAMMAR,false
40,27,2.461691726631582e-46,(1)/((exp((2)^2 + (pi)^3))^3),2.459810309044557e-46,18,0.0007642783077470159,div,TRASH_BROAD_GRAMMAR,false
40,28,9.453242468349333e-46,((((pi)^-3 * 2/3)^3)^3)^3,9.471010482132457e-46,17,0.0018795681844206945,pow,TRASH_BROAD_GRAMMAR,false
40,29,1.6418607460256443e-44,((3)^2)/((exp((e + pi)^2))^3),1.6430952867697878e-44,18,0.0007519156220354763,div,TRASH_BROAD_GRAMMAR,false
40,30,1.1453423643791628e-45,(3)/(((exp((5)^2) * pi)^2)^2),1.145707018677222e-45,18,0.0003183801712047714,div,TRASH_BROAD_GRAMMAR,false
40,31,1.3158131225441024e-45,5/5 * alpha^21 * exp((-5/2)*alpha),1.3138594856609543e-45,29,0.0014847373458100068,alpha_exp_family,SIBLING_SHARED_ALPHA21,false
40,32,6.600370105882219e-45,5 * alpha^21 * exp((-2)*alpha),6.593310449268124e-45,25,0.0010695849627892155,alpha_exp_family,SIBLING_SHARED_ALPHA21,false
40,33,1.0663688703035604e-45,4/5 * alpha^21 * exp((-1/2)*alpha),1.0665403922216107e-45,27,0.00016084670401288277,alpha_exp_family,SIBLING_SHARED_ALPHA21,false
40,34,8.246907809606083e-46,3/5 * alpha^21 * exp((4)*alpha),8.266086982353074e-46,27,0.002325619879568785,alpha_exp_family,SIBLING_SHARED_ALPHA21,false
40,35,1.2253877017879754e-44,((1 + exp((5)^2))^-2)^2 * 1/3,1.2400253252713924e-44,18,0.011945299811691523,mul,TRASH_BROAD_GRAMMAR,false
40,36,7.838357374870898e-45,((((3)^3 + (4)^2)^3)^3)^-3,7.876834114369206e-45,18,0.004908775864400023,pow,TRASH_BROAD_GRAMMAR,false
40,37,1.6800870195041836e-44,(((alpha * pi)^3)^3)^3 * pi,1.6813585378969175e-44,18,0.000756816985056628,mul,TRASH_BROAD_GRAMMAR,false
40,38,2.2792276631167416e-45,5/3 * alpha^21 * exp((3)*alpha),2.2794405519598378e-45,26,9.340393965078616e-5,alpha_exp_family,SIBLING_SHARED_ALPHA21,false
40,39,2.156563579403361e-46,(((alpha * e)^3)^3)^3 * 2,2.1500319078845372e-46,18,0.003028740530168239,mul,TRASH_BROAD_GRAMMAR,false
40,40,5.981471983064249e-46,(((2)/(exp((3)^3)))^2)^2 * 3,5.990143021982166e-46,18,0.0014496496752752462,mul,TRASH_BROAD_GRAMMAR,false
40,41,2.921562181413435e-45,((((2 * alpha)^2)^2)^3)^2 * 1/3,2.907813514466928e-45,17,0.004705929941855963,mul,TRASH_BROAD_GRAMMAR,false
40,42,1.9446966240593868e-46,((((3)/(exp((pi)^2)))^2)^2)^3,1.948400790506704e-46,15,0.0019047528552732285,pow,TRASH_BROAD_GRAMMAR,false
40,43,2.5414300888230133e-46,((((alpha)^2 * e)^3)^2)^2 * 3,2.5387675990413613e-46,17,0.0010476344768882103,mul,TRASH_BROAD_GRAMMAR,false
40,44,2.417033802341915e-46,(2)/(((exp((2 + pi)^2))^2)^2),2.3825263028158322e-46,17,0.01427679641577523,div,TRASH_BROAD_GRAMMAR,false
40,45,3.494214417514351e-45,((exp(2))-((e)^2))^3 * 5,3.5032461608120427e-45,18,0.002584770772057133,mul,TRASH_BROAD_GRAMMAR,false
40,46,8.920219690830909e-45,((((((1/4)^2)^2)^2)^3)^3)/(5),8.96831017167883e-45,16,0.005391176732715767,div,TRASH_BROAD_GRAMMAR,false
40,47,2.9124145942863408e-46,(((alpha * e)^3)^3)^3 * e,2.9221963329048346e-46,18,0.003358635352838795,mul,TRASH_BROAD_GRAMMAR,false
40,48,5.838963754038997e-46,((((((1/3)^2)^2)^2)^2)^2)^3 * 1 + e,5.8438875579478665e-46,17,0.0008432667364074127,mul,TRASH_BROAD_GRAMMAR,false
40,49,1.0800192933150413e-44,(((alpha * pi)^3)^3)^3 * 2,1.070386089664225e-44,18,0.00891947367092657,mul,TRASH_BROAD_GRAMMAR,false
40,50,1.1663692264903151e-45,((e)^2)/(((((((3)^2)^2)^2)^2)^2)^3),1.161310922454068e-45,15,0.004336794834229183,div,TRASH_BROAD_GRAMMAR,false
40,51,8.912729130252355e-45,((((((1/4)^2)^2)^2)^3)^3)/(5),8.96831017167883e-45,16,0.006236141659216058,div,TRASH_BROAD_GRAMMAR,false
40,52,5.656047997635633e-45,(((((1 + exp(pi))^2)^2)^-2)^2)^2,5.649483595825039e-45,15,0.0011605986747881243,pow,TRASH_BROAD_GRAMMAR,false
40,53,1.1401462220718053e-45,(3)/(((exp((5)^2) * pi)^2)^2),1.145707018677222e-45,18,0.004877266176711874,div,TRASH_BROAD_GRAMMAR,false
40,54,1.0389764891568209e-45,4/5 * alpha^21 * exp((-4)*alpha),1.039645092650594e-45,28,0.0006435212930715308,alpha_exp_family,SIBLING_SHARED_ALPHA21,false
40,55,1.7877861600497952e-46,((((exp(5))/(3))^-3)^3)^3,1.7886230388100725e-46,18,0.0004681089824825466,pow,TRASH_BROAD_GRAMMAR,false
40,56,1.7334986537480716e-44,((((2 * alpha)^2)^3)^2)^2 * 2,1.7446881086801564e-44,17,0.006454839124271347,mul,TRASH_BROAD_GRAMMAR,false
40,57,1.7922109369980877e-45,(((((1/4)^2)^2)^2)^3)^3 * (1/5)^2,1.7936620343357662e-45,17,0.0008096688329048168,mul,TRASH_BROAD_GRAMMAR,false
40,58,6.143282681479677e-45,((exp((1)-((3)^3)))^2 * 3)^2,6.132201139390771e-45,17,0.0018038470087521198,pow,TRASH_BROAD_GRAMMAR,false
40,59,1.5924519656159248e-45,((exp(exp(1/4 + 3)))^2)^-2,1.5761253356335743e-45,17,0.01025251017605151,pow,TRASH_BROAD_GRAMMAR,false
40,60,6.619169626737085e-45,5 * alpha^21 * exp((-3/2)*alpha),6.617411246006906e-45,26,0.00026564974601586965,alpha_exp_family,SIBLING_SHARED_ALPHA21,false
40,61,2.081139966915765e-45,3/2 * alpha^21 * exp((5)*alpha),2.08165703998312e-45,26,0.00024845665143865143,alpha_exp_family,SIBLING_SHARED_ALPHA21,false
40,62,7.833741494624107e-46,3/5 * alpha^21 * exp((-3)*alpha),7.854446236122022e-46,26,0.0026430207726567956,alpha_exp_family,SIBLING_SHARED_ALPHA21,false
40,63,1.3538912079052238e-44,((e)/((((((5)^2)^2)^2)^2)^2))^2,1.3630402680325633e-44,14,0.006757603619787988,pow,TRASH_BROAD_GRAMMAR,false
40,64,4.299674482320482e-46,1/3 * alpha^21 * exp((-5)*alpha),4.3003585412777776e-46,25,0.00015909552225608784,alpha_exp_family,SIBLING_SHARED_ALPHA21,false
40,65,7.17390810387115e-45,(pi)/((exp((1/4)/(alpha)))^3),7.2722065328689e-45,18,0.013702214688909337,div,TRASH_BROAD_GRAMMAR,false
40,66,5.8813287713622614e-46,(((alpha)^2 * 1/5)^3)^3 * 1/3,5.876579805215601e-46,18,0.0008074648317203655,mul,TRASH_BROAD_GRAMMAR,false
40,67,1.9884015962344307e-45,(((exp(3 + e))^2)^3)^-3,1.9882528185733235e-45,16,7.482274274418762e-5,pow,TRASH_BROAD_GRAMMAR,false
40,68,2.0983130430407635e-46,((((alpha)/(e))^3)^2)^3 * 4,2.0976607359754912e-46,18,0.00031087213961507706,mul,TRASH_BROAD_GRAMMAR,false
40,69,4.313015678000564e-46,1/3 * alpha^21 * exp((-5)*alpha),4.3003585412777776e-46,25,0.0029346373089591212,alpha_exp_family,SIBLING_SHARED_ALPHA21,false
40,70,1.85302245024084e-45,((exp((1)-((3)^3)))^2)^2 * e,1.852116769517976e-45,17,0.0004887586347084987,mul,TRASH_BROAD_GRAMMAR,false
40,71,4.7967323539324966e-46,(((3/2)/((exp(4))^3))^3)^3,4.7975254354522745e-46,18,0.00016533787196356807,pow,TRASH_BROAD_GRAMMAR,false
40,72,2.7853934628231874e-46,1/5 * alpha^21 * exp((5)*alpha),2.7755427199774932e-46,26,0.0035365713954501154,alpha_exp_family,SIBLING_SHARED_ALPHA21,false
40,73,3.225085440813665e-45,5/2 * alpha^21 * exp((-5)*alpha),3.225268905958333e-45,27,5.688690983083888e-5,alpha_exp_family,SIBLING_SHARED_ALPHA21,false
40,74,2.3200645665583245e-45,((4)/((exp((5)^2))^-2))^-2,2.325047485013021e-45,17,0.0021477499059814283,pow,TRASH_BROAD_GRAMMAR,false
40,75,2.3774624827436897e-46,(((exp(1/2))^2)-(e))^3 * e,2.3807025948885723e-46,17,0.0013628447003476622,mul,TRASH_BROAD_GRAMMAR,false
40,76,8.508140603988889e-45,(e)/((((exp(e * pi))^2)^2)^3),8.495346242233951e-45,18,0.001503778833760638,div,TRASH_BROAD_GRAMMAR,false
40,77,8.978603020983046e-46,2/3 * alpha^21 * exp((1)*alpha),8.985657516312086e-46,24,0.000785700772442449,alpha_exp_family,SIBLING_SHARED_ALPHA21,false
40,78,9.070857384110601e-45,(((3)/((exp((3)^2))^2))^3)^2,9.097529714635414e-45,15,0.0029404420547427665,pow,TRASH_BROAD_GRAMMAR,false
40,79,3.32728385285731e-45,5/2 * alpha^21 * exp((-1/2)*alpha),3.332938725692533e-45,26,0.0016995462621460847,alpha_exp_family,SIBLING_SHARED_ALPHA21,false
40,80,3.8078113614139836e-46,((exp((5)^2) * pi)^-2)^2,3.819023395590739e-46,15,0.0029444825682204425,pow,TRASH_BROAD_GRAMMAR,false
40,81,5.180881357895839e-45,((exp(2))-((e)^2))^3 * (e)^2,5.1771364821207214e-45,18,0.0007228260051564522,mul,TRASH_BROAD_GRAMMAR,false
40,82,4.1520113309942844e-46,((((((((2/3)^2)^2)^2)^2)^2)^2)^2)^2 * 1/2,4.1649298030870535e-46,16,0.003111376887710835,mul,TRASH_BROAD_GRAMMAR,false
40,83,1.606772402733571e-44,(((alpha * pi)^3)^3)^3 * 3,1.6055791344963377e-44,18,0.0007426491986065876,mul,TRASH_BROAD_GRAMMAR,false
40,84,8.936591069475415e-45,((((((1/4)^2)^2)^2)^3)^3)/(5),8.96831017167883e-45,16,0.0035493514201133166,div,TRASH_BROAD_GRAMMAR,false
40,85,3.035411073036028e-45,(((3)/(exp((3)^3)))^2)^2 * 3,3.032509904878472e-45,18,0.0009557743869776937,mul,TRASH_BROAD_GRAMMAR,false
40,86,6.775045623825026e-45,5 * alpha^21 * exp((3/2)*alpha),6.763877367682252e-45,26,0.0016484399903521586,alpha_exp_family,SIBLING_SHARED_ALPHA21,false
40,87,2.845176500184011e-45,((((pi)^-3)^3)^3)^3 * (alpha)^2,2.865437702489782e-45,18,0.007121246187876566,mul,TRASH_BROAD_GRAMMAR,false
40,88,2.642211655130106e-46,1/5 * alpha^21 * exp((-3/2)*alpha),2.646964498402763e-46,26,0.0017988124696326382,alpha_exp_family,SIBLING_SHARED_ALPHA21,false
40,89,7.992163903668099e-46,(((2)/((((e)^3)^3)^2))^2)^3,7.986857362642941e-46,15,0.0006639679927888495,pow,TRASH_BROAD_GRAMMAR,false
40,90,8.801027670315612e-46,((e)/((exp((2 + pi)^2))^2))^2,8.802310254342007e-46,17,0.00014573116622739726,pow,TRASH_BROAD_GRAMMAR,false
40,91,2.5026225493412595e-46,((e)^3)/(((exp((1/3)^-3))^2)^2),2.5065674758999165e-46,17,0.0015763170357813085,div,TRASH_BROAD_GRAMMAR,false
40,92,2.431031957822347e-46,(exp((pi)^3 + 4))^-3,2.4598103090445568e-46,16,0.011837915634802573,pow,TRASH_BROAD_GRAMMAR,false
40,93,2.847393033330373e-45,((((pi)^-3)^3)^3)^3 * (alpha)^2,2.865437702489782e-45,18,0.006337259713775244,mul,TRASH_BROAD_GRAMMAR,false
40,94,1.022120535949611e-45,3/4 * alpha^21 * exp((5/2)*alpha),1.0220124445879084e-45,28,0.00010575206925284272,alpha_exp_family,SIBLING_SHARED_ALPHA21,false
40,95,4.299948439315215e-46,1/3 * alpha^21 * exp((-5)*alpha),4.3003585412777776e-46,25,9.537369304552595e-5,alpha_exp_family,SIBLING_SHARED_ALPHA21,false
40,96,4.7672243425750466e-45,((((alpha)^2 * pi)^2)^3 * pi)^2,4.743142004654297e-45,17,0.005051647707382924,pow,TRASH_BROAD_GRAMMAR,false
40,97,2.3114216257089537e-46,((((2 + 5)^-2)^3)^3)^3,2.315825540041047e-46,16,0.0019052838664787215,pow,TRASH_BROAD_GRAMMAR,false
40,98,1.27961732886167e-45,((((1/3)/(mp/me))^2)^3)^2,1.281266500781827e-45,16,0.0012888008648835403,pow,TRASH_BROAD_GRAMMAR,false
40,99,5.28481257470612e-46,2/5 * alpha^21 * exp((-3/2)*alpha),5.293928996805526e-46,27,0.0017250227837858274,alpha_exp_family,SIBLING_SHARED_ALPHA21,false
40,100,3.7391509163732894e-46,(pi)/(((exp((2 + pi)^2))^2)^2),3.7424635649553344e-46,17,0.0008859360470152027,div,TRASH_BROAD_GRAMMAR,false
40,101,1.9941605600257588e-46,(pi)/(((((1 + e)^3)^3)^3)^3),1.992614259038507e-46,18,0.0007754144868012688,div,TRASH_BROAD_GRAMMAR,false
40,102,2.3354568827424145e-45,(alpha)/((((mtau/me)^2)^2)^3),2.3354163435033942e-45,17,1.7358162045226418e-5,div,TRASH_BROAD_GRAMMAR,false
40,103,5.409994109298685e-45,4 * alpha^21 * exp((3/2)*alpha),5.411101894145802e-45,26,0.0002047663684537071,alpha_exp_family,SIBLING_SHARED_ALPHA21,false
40,104,6.1154177209917925e-46,((((alpha)^3 * 5)^2)^2)^2 * 3,6.093252829788806e-46,18,0.0036244279972736768,mul,TRASH_BROAD_GRAMMAR,false
40,105,5.669058577684862e-45,(((((1 + exp(pi))^2)^2)^-2)^2)^2,5.649483595825039e-45,15,0.0034529510661393736,pow,TRASH_BROAD_GRAMMAR,false
40,106,3.9843671058946456e-45,3 * alpha^21 * exp((-1)*alpha),3.984960083622894e-45,23,0.0001488260776401245,alpha_exp_family,SIBLING_SHARED_ALPHA21,false
40,107,1.7399896125155942e-44,((((2 * alpha)^2)^3)^2)^2 * 2,1.7446881086801564e-44,17,0.002700301272356086,mul,TRASH_BROAD_GRAMMAR,false
40,108,1.6873322378733594e-45,5/4 * alpha^21 * exp((1)*alpha),1.6848107843085165e-45,26,0.0014943432646203842,alpha_exp_family,SIBLING_SHARED_ALPHA21,false
40,109,9.863128011665578e-45,(2)/((exp((pi)^3 + 3))^3),9.881322157270423e-45,18,0.0018446628273834998,div,TRASH_BROAD_GRAMMAR,false
40,110,1.262677021126362e-44,((((3/2 + 5)^-3)^3)^2)^3,1.266714498154342e-44,17,0.0031975532621781686,pow,TRASH_BROAD_GRAMMAR,false
40,111,3.8266894216537185e-45,(1/3)/((exp((pi)^3 + e))^3),3.834508902049741e-45,18,0.0020434060709957846,div,TRASH_BROAD_GRAMMAR,false
40,112,1.324328635589906e-44,(((4)/((alpha)^2))^3)^-3,1.3135179441904139e-44,15,0.008163148563707177,pow,TRASH_BROAD_GRAMMAR,false
40,113,2.9348975032603513e-46,(((alpha * e)^3)^3)^3 * e,2.9221963329048346e-46,18,0.004327636771439939,mul,TRASH_BROAD_GRAMMAR,false
40,114,5.689503273492365e-46,((4)/((((3)/(alpha))^2)^3))^3,5.688179870517514e-46,18,0.0002326043085372472,pow,TRASH_BROAD_GRAMMAR,false
40,115,9.10124699389006e-46,((e * pi)/((exp((3)^3))^2))^2,9.100906731879855e-46,18,3.738630656148186e-5,pow,TRASH_BROAD_GRAMMAR,false
40,116,1.754133216610914e-45,4/3 * alpha^21 * exp((-5/2)*alpha),1.751812647547939e-45,28,0.0013229149536649759,alpha_exp_family,CANONICAL_G,false
40,117,5.595116197167308e-46,(((((alpha)^2)/(5))^3)^3)/(pi),5.6117203468444224e-46,18,0.002967614807628311,div,TRASH_BROAD_GRAMMAR,false
40,118,3.023583169508693e-45,(((3)/(exp((3)^3)))^2)^2 * 3,3.032509904878472e-45,18,0.0029523697114736164,mul,TRASH_BROAD_GRAMMAR,false
40,119,7.3178661800915e-45,(((((1 + pi)^-3)^2)^2)^3)^2 * 2,7.327882875541531e-45,18,0.0013688000304354485,mul,TRASH_BROAD_GRAMMAR,false
40,120,3.7732458212097554e-45,(exp((5)^2 * 2) * pi)^-2,3.7692250112985615e-45,18,0.0010656103794225407,pow,TRASH_BROAD_GRAMMAR,false
40,121,8.834657696447706e-46,((((((1/3)^2)^2)^2)^2 * 4/3)^3)^2,8.830635656454272e-46,16,0.00045525702654569585,pow,TRASH_BROAD_GRAMMAR,false
40,122,3.481048823227955e-45,5/2 * alpha^21 * exp((5)*alpha),3.469428399971866e-45,27,0.0033381959995935537,alpha_exp_family,SIBLING_SHARED_ALPHA21,false
40,123,3.0508294276238326e-46,((5)^2)/(((exp((1/3)^-3))^2)^2),3.1198661572823327e-46,17,0.022628839565203115,div,TRASH_BROAD_GRAMMAR,false
40,124,1.4814089381597748e-44,((exp((4)^2))^-2)^3 * alpha,1.482159926086135e-44,17,0.0005069416735752778,mul,TRASH_BROAD_GRAMMAR,false
40,125,2.1603045843658174e-46,(((exp((1)-((3)^3)))^2)^2)/(pi),2.1688224963728754e-46,17,0.003942921784595705,div,TRASH_BROAD_GRAMMAR,false
40,126,1.1513849533654482e-44,(1)/((exp((pi)^3 + e))^3),1.1503526706149223e-44,17,0.000896557443719057,div,TRASH_BROAD_GRAMMAR,false
40,127,9.932546731787573e-45,((exp(1 + pi * e))^3)^-3,9.916348160497441e-45,18,0.0016308577978586952,pow,TRASH_BROAD_GRAMMAR,false
40,128,9.15940719828288e-45,(5)/((exp((e + pi)^2))^3),9.128307148721043e-45,18,0.003395421656509314,div,TRASH_BROAD_GRAMMAR,false
40,129,1.2598383568941732e-44,((((3/2 + 5)^-3)^3)^2)^3,1.266714498154342e-44,17,0.005457955159517756,pow,TRASH_BROAD_GRAMMAR,false
40,130,5.0850660161595066e-46,(((3)/(exp((3)^3)))^2)^2 * 1/2,5.054183174797453e-46,18,0.0060732429557281645,mul,TRASH_BROAD_GRAMMAR,false
40,131,2.0826471087025476e-46,((((((1/3)^2)^2)^2)^2)^2)^3 * 4/3,2.0955512348812385e-46,16,0.006196021459790178,mul,TRASH_BROAD_GRAMMAR,false
40,132,4.098558155854424e-46,(((((pi)-(((3)^2)^2))^2)^2)^-2)^3,4.061323877987701e-46,15,0.009084726006275605,pow,TRASH_BROAD_GRAMMAR,false
40,133,4.0618673567641165e-46,(((((pi)-(((3)^2)^2))^2)^2)^-2)^3,4.061323877987701e-46,15,0.00013380022750148098,pow,TRASH_BROAD_GRAMMAR,false
40,134,1.74006211483404e-45,((((2 * alpha)^2)^3)^2)^2 * 1/5,1.7446881086801566e-45,18,0.0026585222485334455,mul,TRASH_BROAD_GRAMMAR,false
40,135,5.354967530200679e-46,2/5 * alpha^21,5.3521948041983455e-46,15,0.000517785773059551,alpha_family,SIBLING_PRE_EXP_TRUNCATION,false
40,136,9.073805604396351e-45,(((3)/((exp((3)^2))^2))^3)^2,9.097529714635414e-45,15,0.0026145711373371347,pow,TRASH_BROAD_GRAMMAR,false
40,137,3.557943554940274e-45,(((alpha)^2 * 1/5)^3)^3 * 2,3.525947883129361e-45,18,0.008992742947393407,mul,TRASH_BROAD_GRAMMAR,false
40,138,3.2481847737443216e-45,5/2 * alpha^21 * exp((-4)*alpha),3.2488909145331056e-45,27,0.00021739551102259582,alpha_exp_family,SIBLING_SHARED_ALPHA21,false
40,139,9.280574976212761e-46,2/3 * alpha^21 * exp((5)*alpha),9.251809066591642e-46,26,0.003099582697715381,alpha_exp_family,SIBLING_SHARED_ALPHA21,false
40,140,3.578017035225023e-46,((exp((2 + pi)^2))^2)^-2 * 3,3.573789454223748e-46,18,0.0011815430054286848,mul,TRASH_BROAD_GRAMMAR,false
40,141,1.3566516800468302e-44,((e)/((((((5)^2)^2)^2)^2)^2))^2,1.3630402680325633e-44,14,0.0047090849329229105,pow,TRASH_BROAD_GRAMMAR,false
40,142,1.86493494379925e-46,(((((((1/5)^2)^2)^2)^2)^2)^2)/((pi)^2),1.8690459438955443e-46,15,0.0022043664900820866,div,TRASH_BROAD_GRAMMAR,false
40,143,4.9152528719168955e-46,((((3 * alpha)^3)^3)^3)/(pi),4.904422801390855e-46,18,0.00220335978804218,div,TRASH_BROAD_GRAMMAR,false
40,144,2.825046925437939e-45,((exp(2))-((e)^2))^3 * (2)^2,2.802596928649634e-45,18,0.007946769515987604,mul,TRASH_BROAD_GRAMMAR,false
40,145,1.2172458983743039e-45,(2/3)/((exp((e + pi)^2))^3),1.2171076198294724e-45,18,0.00011359951593689677,div,TRASH_BROAD_GRAMMAR,false
40,146,7.726044520677718e-45,(((((((pi)^2)^2)^2 * 1/2)^2)^2)-(1))^-3,7.690811540768896e-45,18,0.004560286937840602,pow,TRASH_BROAD_GRAMMAR,false
40,147,8.663062173050995e-46,2/3 * alpha^21 * exp((-4)*alpha),8.663709105421614e-46,26,7.467710120230574e-5,alpha_exp_family,SIBLING_SHARED_ALPHA21,false
40,148,1.9750106194461094e-45,3/2 * alpha^21 * exp((-2)*alpha),1.9779931347804378e-45,25,0.001510126226645184,alpha_exp_family,SIBLING_SHARED_ALPHA21,false
40,149,4.604395563377851e-45,(5/2)/(((((((5)^2)^2)^2)^2)^2)^2),4.611686018427387e-45,16,0.00158336853321684,div,TRASH_BROAD_GRAMMAR,false
40,150,1.2960348170049248e-45,1 * alpha^21 * exp((-4)*alpha),1.2995563658132423e-45,24,0.0027171714541246667,alpha_exp_family,SIBLING_SHARED_ALPHA21,false
40,151,2.872379188895384e-45,(((mmu/me)^3 * 3)^-2)^3,2.874497253062544e-45,18,0.0007373901660854351,pow,TRASH_BROAD_GRAMMAR,false
40,152,1.712864607327718e-45,((((((e)^-2)^2)^3)^3)^3)/(alpha),1.710135903486206e-45,17,0.0015930645246790697,div,TRASH_BROAD_GRAMMAR,false
40,153,3.3844616969143272e-46,((((alpha)^2 * e)^2)^2)^3 * 4,3.3850234653884815e-46,18,0.00016598458616517975,mul,TRASH_BROAD_GRAMMAR,false
40,154,8.47461066270926e-46,(((((5)/(alpha))^2)^2)^2)^-2 * 2,8.475302329960135e-46,18,8.161640438746787e-5,mul,TRASH_BROAD_GRAMMAR,false
40,155,1.3735768862359136e-45,1 * alpha^21 * exp((4)*alpha),1.3776811637255124e-45,24,0.0029880216613473085,alpha_exp_family,SIBLING_SHARED_ALPHA21,false
40,156,6.493550710555878e-46,1/2 * alpha^21 * exp((-4)*alpha),6.4977818290662115e-46,25,0.0006515878136526572,alpha_exp_family,SIBLING_SHARED_ALPHA21,false
40,157,2.773088540565719e-45,2 * alpha^21 * exp((5)*alpha),2.775542719977493e-45,25,0.0008849985768119289,alpha_exp_family,SIBLING_SHARED_ALPHA21,false
40,158,4.089491540539331e-45,3 * alpha^21 * exp((5/2)*alpha),4.088049778351634e-45,26,0.0003525529209206391,alpha_exp_family,SIBLING_SHARED_ALPHA21,false
40,159,1.3877756993589214e-44,((exp((5)^2 * 2))^-2)/(e),1.3685394711738534e-44,18,0.013861193991186106,div,TRASH_BROAD_GRAMMAR,false
40,160,2.884973955696365e-46,(exp(pi))/(((exp((3)^3))^2)^2),2.8878345520432668e-46,17,0.000991550145974004,div,TRASH_BROAD_GRAMMAR,false
40,161,1.1547339266317194e-44,(1)/((exp((pi)^3 + e))^3),1.1503526706149223e-44,17,0.0037941693023405055,div,TRASH_BROAD_GRAMMAR,false
40,162,4.525993232469377e-46,1/3 * alpha^21 * exp((2)*alpha),4.52573442975883e-46,24,5.718141792394977e-5,alpha_exp_family,SIBLING_SHARED_ALPHA21,false
40,163,3.0562272925515517e-46,((5)^2)/(((exp((1/3)^-3))^2)^2),3.1198661572823327e-46,17,0.02082268713648287,div,TRASH_BROAD_GRAMMAR,false
40,164,9.293935896431099e-45,(((exp((5)^2))^-2)/(2))^2,9.300189940052085e-45,15,0.0006729165867593068,pow,TRASH_BROAD_GRAMMAR,false
40,165,1.03525048890801e-44,(pi)/((exp((pi)^3 + pi))^3),1.0149770241362526e-44,18,0.019583149188504026,div,TRASH_BROAD_GRAMMAR,false
40,166,4.4096504255067163e-45,((((alpha)^2 * 3)^2)^3 * 4)^2,4.421228376222087e-45,18,0.002625593776867338,pow,TRASH_BROAD_GRAMMAR,false
40,167,4.175168673021971e-45,(((((alpha)/(2))^3)^3)^2)/(pi),4.18105747315617e-45,17,0.0014104340675503346,div,TRASH_BROAD_GRAMMAR,false
40,168,5.461791183700933e-46,2/5 * alpha^21 * exp((3)*alpha),5.470657324703611e-46,26,0.0016233028148597327,alpha_exp_family,SIBLING_SHARED_ALPHA21,false
40,169,3.997643764107035e-46,(2)/(((1/2 * exp((3)^3))^2)^2),3.9934286813214426e-46,18,0.0010543917953465248,div,TRASH_BROAD_GRAMMAR,false
40,170,5.7084113842964895e-46,((4)/((((3)/(alpha))^2)^3))^3,5.688179870517514e-46,18,0.0035441583335482033,pow,TRASH_BROAD_GRAMMAR,false
40,171,5.793759334260033e-46,((exp((e + pi)^2))^-3)/(pi),5.811260819120156e-46,18,0.003020747644216371,div,TRASH_BROAD_GRAMMAR,false
40,172,1.0865269637242048e-44,(1/2)/((((((exp(pi))^2)^2)^2)^2)^2),1.0937716976066177e-44,15,0.0066677902383394765,div,TRASH_BROAD_GRAMMAR,false
40,173,3.261332121413075e-45,5/2 * alpha^21 * exp((-3)*alpha),3.272685931717509e-45,26,0.0034813413297858607,alpha_exp_family,SIBLING_SHARED_ALPHA21,false
40,174,8.917237999842545e-45,((((((1/4)^2)^2)^2)^3)^3)/(5),8.96831017167883e-45,16,0.00572735322721971,div,TRASH_BROAD_GRAMMAR,false
40,175,1.771595156897959e-45,4/3 * alpha^21 * exp((-1)*alpha),1.771093370499064e-45,25,0.00028323987957489964,alpha_exp_family,SIBLING_LOCAL_DEFORMATION,false
40,176,2.273716668244008e-46,((exp((1)-((3)^3)))^2)^2 * 1/3,2.271185607181767e-46,17,0.0011131822612690152,mul,TRASH_BROAD_GRAMMAR,false
40,177,1.132769755648644e-44,(e)/(((exp((5)^2))^2 * 3)^2),1.1235794362338312e-44,18,0.008113139822973396,div,TRASH_BROAD_GRAMMAR,false
40,178,1.832136233307839e-45,4/3 * alpha^21 * exp((4)*alpha),1.836908218300683e-45,27,0.0026046016153659073,alpha_exp_family,SIBLING_LOCAL_DEFORMATION,false
40,179,1.4737192052426364e-44,((exp((4)^2))^-2)^3 * alpha,1.482159926086135e-44,17,0.005727495993450677,mul,TRASH_BROAD_GRAMMAR,false
40,180,9.601280971962379e-45,(((1 + pi)/((alpha)^2))^3)^-3,9.604383600746465e-45,17,0.00032314737930772225,pow,TRASH_BROAD_GRAMMAR,false
40,181,5.844051059759211e-45,((((1/3)/(exp((e)^2)))^2)^3)^2,5.837534502948854e-45,15,0.00111507526948707,pow,TRASH_BROAD_GRAMMAR,false
40,182,6.3128137707298775e-46,(4)/(((((((3)^2)^2)^2)^2)^2)^3),6.286653704643731e-46,15,0.0041439629040604916,div,TRASH_BROAD_GRAMMAR,false
40,183,3.546765865439591e-46,(3)/(((exp((2 + pi)^2))^2)^2),3.573789454223748e-46,17,0.007619219821494392,div,TRASH_BROAD_GRAMMAR,false
40,184,9.522456283578323e-46,((5/2 * exp((5)^2))^2)^-2,9.52339449861334e-46,17,9.852657834042481e-5,pow,TRASH_BROAD_GRAMMAR,false
40,185,2.5213630338589943e-45,((4)^2)/(((((((3)^2)^2)^2)^2)^2)^3),2.5146614818574923e-45,16,0.0026579084056948033,div,TRASH_BROAD_GRAMMAR,false
40,186,2.2031901164098665e-45,(pi)/(((exp(2))-((e)^2))^-3),2.201154480504752e-45,18,0.0009239492724447925,div,TRASH_BROAD_GRAMMAR,false
40,187,7.317419299282455e-45,(((((1 + pi)^-3)^2)^2)^3)^2 * 2,7.327882875541531e-45,18,0.0014299544458388237,mul,TRASH_BROAD_GRAMMAR,false
40,188,7.491259089320022e-45,(((pi)^3)^2 * exp((3)^3))^-3,7.472213242836686e-45,18,0.0025424092607460747,pow,TRASH_BROAD_GRAMMAR,false
40,189,1.5362555803491135e-45,((((3)/((alpha)^-1))^3)^3)^3,1.5407698642947718e-45,15,0.0029384979969494978,pow,TRASH_BROAD_GRAMMAR,false
40,190,9.628536727126692e-46,((((((1/3)-((3)^2))^2)^2)^2)^-2)^3,9.618326689658585e-46,15,0.0010603934696890639,pow,TRASH_BROAD_GRAMMAR,false
40,191,1.846157329779018e-46,((exp((1/2)-((3)^3)))^2)^2 * 2,1.8442292845851755e-46,18,0.00104435584266987,mul,TRASH_BROAD_GRAMMAR,false
40,192,6.197835936425674e-45,((3/2)/(exp((e + pi)^2)))^3,6.161607325386705e-45,18,0.00584536464188207,pow,TRASH_BROAD_GRAMMAR,false
40,193,9.982265067197336e-45,(e)/((((((1 + pi)^2)^3)^2)^2)^3),9.959625430830423e-45,17,0.002267985894434826,div,TRASH_BROAD_GRAMMAR,false
40,194,2.0272636111541416e-46,((((alpha)^3 * 5)^2)^2)^2,2.031084276596269e-46,14,0.00188464165247468,pow,TRASH_BROAD_GRAMMAR,false
40,195,4.0645110731384546e-45,3 * alpha^21 * exp((3/2)*alpha),4.058326420609352e-45,25,0.001521622753097173,alpha_exp_family,SIBLING_SHARED_ALPHA21,false
40,196,6.43991286238352e-46,1/2 * alpha^21 * exp((-5)*alpha),6.450537811916667e-46,25,0.0016498592077555043,alpha_exp_family,SIBLING_SHARED_ALPHA21,false
40,197,1.0728883524085757e-45,4/5 * alpha^21 * exp((1/2)*alpha),1.0743517800546862e-45,27,0.0013640073944554678,alpha_exp_family,SIBLING_SHARED_ALPHA21,false
40,198,1.990675284927066e-45,3/2 * alpha^21 * exp((-1)*alpha),1.992480041811447e-45,24,0.0009066053605258572,alpha_exp_family,SIBLING_SHARED_ALPHA21,false
40,199,4.506122764594183e-45,((pi)/((3 * exp((5)^2))^2))^2,4.532799780903951e-45,18,0.005920170777275893,pow,TRASH_BROAD_GRAMMAR,false
40,200,9.43760318551166e-46,((((alpha)^2)^2)^2 * ((1/4)^3)^3)^2,9.40947578738098e-46,17,0.002980353971001823,pow,TRASH_BROAD_GRAMMAR,false
40,201,4.319572275227826e-46,1/3 * alpha^21 * exp((-4)*alpha),4.331854552710807e-46,25,0.0028434013139259397,alpha_exp_family,SIBLING_SHARED_ALPHA21,false
40,202,1.5487922555170564e-45,((((((1/3)^2)^2)^2)^2)^3 * pi)^2,1.5511696267869084e-45,14,0.001534983960168587,pow,TRASH_BROAD_GRAMMAR,false
40,203,6.08955307140919e-45,(((((1/4)^2)^2)^3)^2)^3 * (e)^-2,6.068643986189745e-45,17,0.0034335993092193726,mul,TRASH_BROAD_GRAMMAR,false
40,204,1.1672702726939715e-44,(((exp((5)^2))^-2)^2)/(pi),1.1841369605222458e-44,15,0.014449685066807405,div,TRASH_BROAD_GRAMMAR,false
40,205,1.2839348569232579e-45,((((e)/((5)^3))^3)^3)^3,1.2864137106881016e-45,16,0.0019306694194625188,pow,TRASH_BROAD_GRAMMAR,false
40,206,5.589815678024079e-45,((((e)/((((pi)^2)^2)^3))^2)^2)^2,5.5971645725799786e-45,14,0.0013146935389643166,pow,TRASH_BROAD_GRAMMAR,false
40,207,6.416344766996494e-46,1/2 * alpha^21 * exp((-5)*alpha),6.450537811916667e-46,25,0.005329053559598354,alpha_exp_family,SIBLING_SHARED_ALPHA21,false
40,208,1.2559465970563162e-44,((((3/2 + 5)^-3)^3)^2)^3,1.266714498154342e-44,17,0.00857353419585171,pow,TRASH_BROAD_GRAMMAR,false
40,209,2.0724255255549665e-45,3/2 * alpha^21 * exp((4)*alpha),2.0665217455882686e-45,26,0.0028487296136332782,alpha_exp_family,SIBLING_SHARED_ALPHA21,false
40,210,1.9602739201070282e-45,3/2 * alpha^21 * exp((-3)*alpha),1.9636115590305056e-45,25,0.0017026390491871656,alpha_exp_family,SIBLING_SHARED_ALPHA21,false
40,211,1.5072714781109052e-45,((exp((5)^2 + 4/5))^2)^-2,1.516384957495807e-45,18,0.006046342359190512,pow,TRASH_BROAD_GRAMMAR,false
40,212,9.245446816367288e-46,((((alpha)^2)/(pi))^3 * 1/5)^3,9.240959456309575e-46,18,0.0004853589174045276,pow,TRASH_BROAD_GRAMMAR,false
40,213,1.2539475308310984e-44,(e * exp((3 + e)^2))^-3,1.2429690125885463e-44,18,0.00875516556524159,pow,TRASH_BROAD_GRAMMAR,false
40,214,3.562157677947651e-46,(3)/(((exp((2 + pi)^2))^2)^2),3.573789454223748e-46,17,0.003265373778400023,div,TRASH_BROAD_GRAMMAR,false
40,215,3.964400956426166e-46,(2)/((((exp((3)^3))/(2))^2)^2),3.9934286813214426e-46,18,0.007322096128602626,div,TRASH_BROAD_GRAMMAR,false
40,216,7.840660943833894e-45,((((3)^3 + (4)^2)^3)^3)^-3,7.876834114369206e-45,18,0.004613535873370478,pow,TRASH_BROAD_GRAMMAR,false
40,217,9.170345846635233e-45,(5)/((exp((e + pi)^2))^3),9.128307148721043e-45,18,0.004584199834689485,div,TRASH_BROAD_GRAMMAR,false
40,218,2.075437417163622e-45,3/2 * alpha^21 * exp((5)*alpha),2.08165703998312e-45,26,0.002996776856802488,alpha_exp_family,SIBLING_SHARED_ALPHA21,false
40,219,2.1635119250977153e-46,(((exp((1)-((3)^3)))^2)^2)/(pi),2.1688224963728754e-46,17,0.0024546068887141685,div,TRASH_BROAD_GRAMMAR,false
40,220,5.924946076486608e-46,(5)/(((exp((2 + pi)^2))^2)^2),5.95631575703958e-46,18,0.005294509038228063,div,TRASH_BROAD_GRAMMAR,false
40,221,2.7243269995596077e-45,2 * alpha^21 * exp((5/2)*alpha),2.725366518901089e-45,26,0.0003815692248578938,alpha_exp_family,SIBLING_SHARED_ALPHA21,false
40,222,2.0486360432187438e-45,3/2 * alpha^21 * exp((3)*alpha),2.051496496763854e-45,25,0.0013962721951410694,alpha_exp_family,SIBLING_SHARED_ALPHA21,false
40,223,1.519226132484977e-44,((((1/3 + pi)^3)^-3)^3)^3,1.5254912764204304e-44,16,0.004123904796980909,pow,TRASH_BROAD_GRAMMAR,false
40,224,7.369382276047205e-45,(((((4)^3 + 5)^-3)^2)^2)^2,7.372619529029915e-45,17,0.0004392841708364538,pow,TRASH_BROAD_GRAMMAR,false
40,225,8.599256821701412e-45,((((1/3)^-3)^3 * 4)^-3)^3,8.60277265063649e-45,18,0.000408852649476137,pow,TRASH_BROAD_GRAMMAR,false
40,226,4.3279264052493304e-46,1/3 * alpha^21 * exp((-4)*alpha),4.331854552710807e-46,25,0.0009076280633405037,alpha_exp_family,SIBLING_SHARED_ALPHA21,false
40,227,7.303316062183826e-46,((((((1/3)^2)^2)^2)^2)^2 * 5/3)^3,7.276219565559858e-46,16,0.0037101634919338242,pow,TRASH_BROAD_GRAMMAR,false
40,228,3.489058375432701e-46,(((exp(2))-((e)^2))^3)/(2),3.503246160812043e-46,17,0.004066365148614679,div,TRASH_BROAD_GRAMMAR,false
40,229,4.918004705288018e-46,((((3 * alpha)^3)^3)^3)/(pi),4.904422801390855e-46,18,0.0027616695613486507,div,TRASH_BROAD_GRAMMAR,false
40,230,3.3779143077648935e-45,5/2 * alpha^21 * exp((3/2)*alpha),3.381938683841126e-45,27,0.0011913789722201482,alpha_exp_family,SIBLING_SHARED_ALPHA21,false
40,231,2.3185689704188886e-45,(1)/((exp((1/4)/(alpha)))^3),2.3148152337825184e-45,17,0.0016189885590041314,div,TRASH_BROAD_GRAMMAR,false
40,232,3.9671277084490205e-46,(2)/((((exp((3)^3))/(2))^2)^2),3.9934286813214426e-46,18,0.006629726796142059,div,TRASH_BROAD_GRAMMAR,false
40,233,7.93223285058304e-46,3/5 * alpha^21 * exp((-3/2)*alpha),7.940893495208289e-46,27,0.0010918293484806826,alpha_exp_family,SIBLING_SHARED_ALPHA21,false
40,234,1.0375354800909218e-44,(pi)/((exp((pi)^3 + pi))^3),1.0149770241362526e-44,18,0.021742346539023693,div,TRASH_BROAD_GRAMMAR,false
40,235,3.6964591590852815e-45,(2)/(((((((1/5)^2)^2)^2)^2)^2)^-2),3.689348814741937e-45,15,0.0019235554992859765,div,TRASH_BROAD_GRAMMAR,false
40,236,6.458567895004864e-46,((((((1/3)^2)/(2))^2)^2)^3)^3,6.4593648560515705e-46,14,0.00012339593849013987,pow,TRASH_BROAD_GRAMMAR,false
40,237,1.1258490435146287e-45,4/5 * alpha^21 * exp((5)*alpha),1.1102170879909973e-45,28,0.013884592800143264,alpha_exp_family,SIBLING_SHARED_ALPHA21,false
40,238,2.436606501053989e-46,(exp((pi)^3 + 4))^-3,2.4598103090445568e-46,16,0.00952300175696437,pow,TRASH_BROAD_GRAMMAR,false
40,239,1.3300260665736217e-45,5/5 * alpha^21 * exp((-1)*alpha),1.328320027874298e-45,26,0.001282710724398562,alpha_exp_family,SIBLING_SHARED_ALPHA21,false
40,240,4.878401067748756e-45,((((((3)^2)^2)^2)^-2)^2 * pi)^3,4.873143103985386e-45,15,0.0010778047336310456,pow,TRASH_BROAD_GRAMMAR,false
40,241,1.1681519898081833e-45,((e)^2)/(((((((3)^2)^2)^2)^2)^2)^3),1.161310922454068e-45,15,0.005856316141907697,div,TRASH_BROAD_GRAMMAR,false
40,242,8.712636848062186e-45,((((2 * alpha)^-2)^-2)^2)^3,8.723440543400765e-45,15,0.0012400029436532556,pow,TRASH_BROAD_GRAMMAR,false
40,243,4.980732630256275e-46,((((1/2)^2)/(((((e)^2)^2)^2)^2))^2)^3,4.958722321129931e-46,15,0.004419090676066097,pow,TRASH_BROAD_GRAMMAR,false
40,244,2.8472911018090537e-46,(((((3)-(pi))^2)^3)^3)^3 * 2,2.86568814479032e-46,18,0.006461244152232197,mul,TRASH_BROAD_GRAMMAR,false
40,245,3.292201582109513e-45,5/2 * alpha^21 * exp((-2)*alpha),3.296655224634062e-45,26,0.0013527854882129146,alpha_exp_family,SIBLING_SHARED_ALPHA21,false
40,246,2.8617918612865372e-46,(((((3)-(pi))^2)^3)^3)^3 * 2,2.86568814479032e-46,18,0.001361483885844628,mul,TRASH_BROAD_GRAMMAR,false
40,247,4.678326179012223e-46,(((exp(2))-((e)^2))^3)/(3/2),4.670994881082723e-46,18,0.001567077123093516,div,TRASH_BROAD_GRAMMAR,false
40,248,1.903853821873628e-46,(3)/(((((1 + e)^3)^3)^3)^3),1.902806454008237e-46,18,0.0005501304004318655,div,TRASH_BROAD_GRAMMAR,false
40,249,7.319231930859795e-45,(((((1 + pi)^-3)^2)^2)^3)^2 * 2,7.327882875541531e-45,18,0.0011819470626776602,mul,TRASH_BROAD_GRAMMAR,false
40,250,1.2787878555885018e-45,((((1/3)/(mp/me))^2)^3)^2,1.281266500781827e-45,16,0.0019382770820766044,pow,TRASH_BROAD_GRAMMAR,false
40,251,5.131790171122508e-46,((((3 * alpha)^3)^3)^3)/(3),5.135899547649261e-46,18,0.0008007686186931155,div,TRASH_BROAD_GRAMMAR,false
40,252,1.9217895291079347e-45,(((exp((pi)^2 + 3))^2)^-2)^2,1.933813530749018e-45,15,0.00625666934852355,pow,TRASH_BROAD_GRAMMAR,false
40,253,2.8529828624925475e-45,((((pi)^-3)^3)^3)^3 * (alpha)^2,2.865437702489782e-45,18,0.0043655502319959166,mul,TRASH_BROAD_GRAMMAR,false
40,254,1.141766374482545e-44,(1 + exp((pi)^3 + e))^-3,1.1503526706149145e-44,18,0.00752018654977545,pow,TRASH_BROAD_GRAMMAR,false
40,255,1.0791637807872545e-44,(((alpha * pi)^3)^3)^3 * 2,1.070386089664225e-44,18,0.008133789587180234,mul,TRASH_BROAD_GRAMMAR,false
40,256,2.225959028342949e-45,5/3 * alpha^21 * exp((-1/2)*alpha),2.221959150461689e-45,26,0.0017969234070933267,alpha_exp_family,SIBLING_SHARED_ALPHA21,false
